9570,9670,9560,23946,9660
9380,9730,9380,51007,9600
9510,9610,9150,179719,9390
9460,9840,9460,161809,9560
9300,9680,9270,68533,9470
9890,9890,9390,155423,9420
9740,10050,9450,133154,9980
9690,9990,9560,131886,9740
9640,9900,9500,144059,9570
9520,9760,9420,81099,9640
9290,9940,9200,172127,9510
9340,9460,9130,113927,9310
9000,9410,9000,117366,9210
8250,9500,8160,546775,9050
7500,8320,7500,295343,8230
8270,8550,7770,103108,7900
8730,8790,8210,151816,8370
8600,8780,8460,146074,8580
9120,9260,8800,80856,8800
9580,9630,8990,105290,9080
9780,9910,9550,110564,9580
9570,9820,9550,34401,9780
9820,9990,9650,47239,9680
9650,10050,9650,81996,9890
9350,9750,9350,53432,9600
9600,9600,9360,44621,9370
9060,9660,9060,95130,9600
9500,9770,9230,181929,9250
10250,10250,9800,183815,9900
10600,10650,10100,168229,10100
10800,10900,10350,113619,10600
10950,11100,10800,42691,10950
11250,11250,10850,84470,10900
11250,11500,11100,42239,11150
11300,11500,11150,81785,11350
11100,11300,11000,59632,11250
11100,11100,10900,27217,11100
10800,11100,10750,96411,11050
11050,11150,10650,92323,10750
10950,11100,10800,92846,10950
11300,11300,11000,135163,11050
11500,11550,11200,102381,11350
11550,11700,11400,73528,11500
11600,11700,11350,80433,11600
11450,11550,11200,41874,11550
11450,11550,11350,36395,11400
11450,11600,11350,37238,11450
11350,11600,11250,55464,11500
11450,11550,11350,42718,11400
11500,11600,11400,41102,11450
11700,11700,11450,34494,11550
11500,11800,11500,71357,11600
11500,11650,11350,93124,11600
11700,11700,11300,54304,11600
11450,11700,11400,62377,11650
11400,11600,11400,41732,11450
11750,11800,11350,86605,11400
11450,11700,11300,68284,11700
11400,12150,11150,150405,11450
11300,11450,11250,40869,11450
11050,11400,10700,96590,11350
10700,11350,10650,116104,10900
11050,11100,10300,247778,10600
11300,11400,11200,45698,11300
11500,11650,11250,40595,11300
11600,11600,11400,27420,11500
11550,11650,11450,23495,11600
11650,11800,11550,60600,11550
11550,11700,11500,29281,11650
11550,11750,11400,40690,11650
11500,11850,11400,62460,11650
11450,11700,11200,104941,11450
11050,11500,10950,91051,11400
10900,11150,10800,78102,11050
10650,11150,10450,68997,10950
10550,10700,10400,33164,10650
10200,10600,10200,41959,10500
10550,10700,10150,64850,10200
10300,10800,10250,65258,10700
10550,10600,10350,55756,10350
10650,10750,10500,22912,10500
11000,11000,10600,96686,10600
11100,11250,10900,56270,10950
10850,11200,10700,127186,11050
10950,11000,10700,19437,10800
10850,11050,10700,31649,10950
10450,11000,10400,42613,10800
10500,10600,10350,27316,10500
10500,10750,10450,47448,10500
10900,11300,10400,144702,10450
10450,10750,10150,40958,10450
10450,10600,10150,32153,10400
9980,10450,9980,45931,10450
9940,10350,9940,114950,10000
10200,10250,9900,146002,9940
10350,10450,9990,67505,10200
10750,10850,10250,109892,10300
11100,11100,10550,98881,10750
10850,11100,10650,61908,11000
11000,11200,10850,176086,10900
11000,11150,10850,60641,11150
11200,11350,11000,54794,11000
10800,11250,10800,61718,11200
11350,11450,10750,215289,10850
11800,11900,11200,155385,11450
12000,12050,11750,71864,11800
11650,12000,11550,165452,12000
11500,11750,11500,58240,11650
11500,11650,11400,35991,11500
11650,11700,11400,67197,11500
11700,11750,11450,65640,11650
11800,11950,11600,66094,11700
11550,12050,11300,215783,11750
11450,11700,11350,79703,11550
11400,11600,11250,70704,11450
11350,11450,11200,100702,11400
11500,11650,11400,56965,11450
11250,11600,11250,60366,11550
11200,11350,11100,271659,11250
11350,11500,11300,61476,11300
11550,11550,11200,63532,11400
11500,11650,11450,51571,11550
11550,11700,11450,87395,11550
11350,11750,11250,222032,11600
11200,11450,11050,123985,11300
11000,11350,10900,156107,11250
11000,11100,10550,189786,10900
10950,11200,10950,104215,11000
11200,11300,10900,89191,10950
11150,11250,10700,227226,11200
11550,11550,11150,156726,11150
11350,11650,11100,176792,11450
11400,11600,11300,128166,11400
11300,11700,11100,282457,11450
11650,11650,11200,243943,11550
11850,11950,11350,240082,11650
12000,12150,11800,105708,11800
11850,12100,11800,144095,11850
12250,12500,11950,149286,12000
12300,12500,11800,305907,12250
12150,12550,12000,140028,12300
12300,12300,11850,315272,12150
12650,12700,12100,371564,12350
13000,13000,12550,177401,12550
13000,13050,12750,153975,12900
12600,13100,12400,398688,12950
13250,13250,12450,417912,12700
12950,13400,12750,633981,13150
12550,12950,12350,493495,12850
11950,12550,11800,309843,12550
12250,12350,11950,246931,12000
12450,12650,12250,246051,12300
12550,12600,12150,260021,12250
11950,12400,11950,169250,12350
12350,12350,11850,201636,12050
12050,12400,11900,192869,12250
11700,12150,11650,192037,11900
11350,11800,11350,175221,11600
11800,11850,11550,149019,11550
11300,11650,11050,496562,11600
11750,12000,11350,528504,11550
12350,12950,12150,461295,12250
12450,12550,12250,177979,12350
11950,12600,11950,281262,12300
12500,12550,12100,247683,12100
12850,12850,12400,268782,12500
12250,12950,12100,730921,12800
11950,12300,11850,270990,12250
12250,12300,12000,194821,12050
11900,12400,11800,568919,12150
11600,11800,11400,335997,11650
11500,11700,11400,336931,11500
11500,11950,11350,507488,11400
11450,11600,11300,162679,11350
11650,11750,11100,365544,11250
11450,11750,11400,301574,11550
11950,12300,11400,570361,11400
12200,12350,11800,406559,12050
12750,12850,12050,487602,12100
12400,12650,12150,475850,12500
12250,13300,12000,1805812,12500
12050,12650,11900,1091997,12150
10750,13050,10650,4543722,12050
10550,10800,10500,197794,10650
10450,10600,10150,197459,10500
11100,11200,10400,343493,10450
10300,11050,10300,673670,10900
9850,10200,9850,166414,10050
10150,10300,10000,180650,10250
10150,10750,10000,588716,10050
9620,10000,9530,305434,10000
9900,10650,9900,313533,10050
10450,10500,10000,294961,10300
10850,10900,10450,298372,10450
10850,11300,10650,485972,10800
10500,11000,10300,526654,10800
10700,10750,10500,245952,10550
10450,10900,10400,251422,10750
10500,10600,10350,179397,10500
10650,10650,10400,187411,10500
10500,10700,10350,157733,10500
10450,10800,10350,241650,10500
10150,10850,10150,496024,10550
9990,10250,9910,234830,10100
10100,10100,9830,224108,9900
10350,10350,10000,216119,10050
10300,10450,10100,269179,10350
10350,10450,10100,311381,10250
9840,10350,9840,317974,10300
9800,9910,9770,89778,9840
9950,10050,9690,184742,9770
10000,10150,9940,158326,9950
9750,9980,9750,116604,9910
10050,10050,9680,161342,9750
9900,10250,9820,268220,10000
9750,9900,9700,120676,9870
9580,9750,9510,155890,9750
9430,9470,9300,104946,9420
9350,9580,9280,215351,9370
9370,9370,9090,226274,9260
9560,9560,9290,125390,9320
9360,9620,9340,165736,9490
9710,9710,9310,264554,9400
10000,10050,9690,254871,9710
9830,10100,9820,304468,9990
9910,9910,9800,153404,9850
9830,9960,9750,171879,9830
9980,10050,9780,137399,9830
9760,9930,9740,86535,9930
9850,9930,9740,124909,9760
10200,10250,9770,329528,9800
10300,10500,10100,155578,10250
10300,10400,10100,184698,10300
10600,10750,10250,228353,10350
10450,10650,10350,216633,10550
10700,10800,10300,336283,10300
10800,10950,10600,196725,10750
10950,11050,10700,146968,10750
10900,11100,10650,205062,11000
11200,11250,10800,296010,10900
11050,11350,10800,282817,11150
11300,11400,10850,348354,11100
11400,11500,11200,256717,11250
11200,11550,11100,397187,11500
10800,11450,10700,595862,11250
10850,11200,10350,379162,10800
10950,11250,10650,726653,10800
10800,11200,10700,732027,11100
10250,10650,10150,460926,10600
9820,10250,9790,402076,10150
9770,9900,9630,540600,9830
9310,9700,9310,520859,9540
9500,9530,9260,166998,9340
9300,9500,9270,369895,9490
9080,9270,9070,117255,9240
9170,9180,9030,68630,9100
8850,9170,8840,115335,9170
9080,9080,8830,181161,8840
9160,9180,9060,83490,9080
9110,9170,9040,73998,9120
9240,9240,9030,128044,9050
9270,9280,9170,65649,9210
9260,9300,9160,115701,9270
9110,9340,9100,188819,9270
9010,9110,9000,50993,9050
9270,9290,9070,114497,9070
9260,9340,9100,123834,9190
9000,9360,9000,461848,9260
9040,9050,8850,88278,8980
8930,9080,8860,113322,8970
8940,8990,8840,60083,8930
8890,9000,8760,92727,8940
8570,8940,8570,130263,8900
8600,8620,8550,15105,8560
8580,8650,8550,19868,8550
8430,8590,8420,39309,8550
8460,8500,8310,46210,8400
8560,8790,8460,86723,8460
8840,8950,8560,135843,8640
8950,9000,8850,69115,8870
8870,9080,8840,98136,8950
8840,8980,8770,42998,8850
9020,9020,8850,53061,8850
9060,9070,8930,32080,9020
9030,9070,8810,173649,9070
8920,9100,8920,119189,9020
8950,8990,8850,66985,8910
8760,9090,8730,141043,8940
8890,8900,8710,87628,8710
8710,8880,8710,87084,8870
8670,8840,8590,129728,8600
8810,8850,8670,108670,8710
8850,8990,8770,111207,8800
9100,9100,9020,66270,9040
9000,9100,9000,122738,9050
9000,9010,8900,47839,9000
8920,9020,8750,138307,8960
8840,8980,8840,91634,8910
8880,8880,8770,62896,8840
8980,8980,8740,173195,8820
8940,9080,8910,331724,8990
8840,8920,8740,151222,8920
8740,8920,8670,105319,8730
8530,8720,8530,115578,8710
8550,8660,8530,83360,8610
8560,8620,8470,121847,8580
8240,8540,8200,193156,8500
8150,8250,7980,128133,8130
8150,8280,8120,54760,8200
8330,8330,8150,93844,8150
8380,8380,8290,28242,8330
8330,8410,8320,35043,8380
8380,8380,8210,74052,8330
8450,8460,8250,81858,8300
8200,8470,8200,145402,8380
8180,8260,8110,59629,8200
8100,8270,8100,40980,8180
8360,8360,8160,89526,8180
8320,8350,8260,37499,8350
8340,8410,8290,70591,8300
8280,8430,8220,95716,8280
8470,8470,8220,123207,8240
8420,8500,8350,178865,8430
8030,8430,7970,250698,8430
7970,8030,7930,59664,8030
8020,8050,7940,54824,7970
7860,8040,7850,103717,8000
8040,8040,7850,89967,7850
8120,8120,7950,117249,8040
8150,8180,8030,72867,8140
8090,8180,8040,78992,8180
8320,8320,8100,83141,8100
8370,8370,8190,91431,8270
8340,8420,8300,48957,8400
8430,8440,8300,62841,8340
8450,8490,8370,44152,8430
8470,8510,8410,25073,8440
8450,8540,8410,48558,8470
8340,8440,8330,47668,8410
8480,8480,8350,65937,8350
8590,8590,8470,64198,8490
8610,8630,8520,38738,8590
8550,8660,8540,110692,8630
8600,8630,8520,70449,8580
8450,8600,8410,95160,8600
8700,8700,8360,213907,8450
8690,8720,8630,63186,8680
8840,8840,8590,158720,8680
8970,8980,8770,173542,8810
9080,9080,8960,97462,8960
8930,9090,8900,138036,9040
9020,9080,8870,72203,8870
9140,9180,9000,124202,9050
9080,9210,8970,255999,9130
9150,9160,8990,108208,9090
8990,9240,8970,177175,9140
8940,9020,8870,90581,9000
9010,9040,8840,89610,8940
8830,9090,8830,150658,8990
8760,8910,8760,70891,8850
8810,8830,8750,53923,8760
8810,8820,8700,83211,8780
8820,8850,8790,69759,8810
8780,8880,8780,56837,8830
8740,8740,8660,63183,8700
8790,8790,8680,71350,8690
8620,8820,8620,60575,8790
8770,8770,8600,117171,8650
8800,8920,8740,76934,8790
9100,9100,8730,161039,8800
9240,9240,9000,111684,9050
9300,9300,9120,74236,9150
9250,9320,9190,76777,9300
9440,9460,9200,120807,9210
9300,9490,9300,189911,9440
9090,9300,9090,96510,9290
9210,9260,9120,57006,9120
9280,9280,9180,59476,9200
9200,9270,9160,54630,9220
9250,9300,9180,62915,9210
9180,9260,9180,47317,9240
9410,9410,9130,101982,9170
9430,9470,9300,66448,9370
9480,9510,9400,73407,9430
9470,9490,9400,87039,9470
9340,9470,9330,78044,9470
9290,9400,9230,48955,9390
9430,9500,9220,84913,9230
9380,9500,9360,90904,9420
9430,9550,9340,106840,9380
9240,9450,9090,155082,9450
9440,9480,9100,174553,9220
9260,9500,9260,139263,9400
9350,9350,9170,77091,9230
9280,9440,9280,138059,9350
9410,9420,9200,107813,9280
9130,9380,9130,183606,9370
9160,9530,9070,442169,9090
9190,9190,9070,75552,9160
9130,9190,9020,109368,9170
9030,9180,9000,174253,9130
8770,9070,8750,208086,9060
8960,8960,8690,162931,8750
8990,9070,8900,74038,8970
8880,9120,8880,109599,9010
8960,9010,8850,173728,8870
8970,8970,8870,54443,8900
9070,9100,8880,92558,8970
8970,9060,8900,92390,9060
8810,8980,8810,126305,8960
8960,9000,8800,106237,8820
9050,9080,8940,63329,8960
9000,9070,8850,270497,9040
9060,9100,9000,184408,9000
9020,9150,9000,183502,9040
9160,9160,8960,174775,9020
8710,9200,8670,448429,9160
8850,8870,8690,127950,8710
8900,8930,8800,127835,8880
9000,9140,8750,316121,8900
8730,8980,8730,210604,8930
8620,8820,8600,120593,8690
8690,8710,8500,97152,8580
8560,8710,8550,115668,8650
8520,8650,8490,93793,8530
8690,8700,8460,147880,8510
8420,8890,8380,321248,8620
8570,8580,8420,77437,8420
8340,8650,8330,162442,8550
8320,8420,8300,81747,8350
8330,8440,8280,137746,8300
8460,8500,8300,107829,8360
8400,8460,8290,81039,8460
8500,8640,8400,152251,8440
8650,8660,8470,178167,8480
8260,8700,8260,344191,8610
8120,8200,8090,62798,8170
8260,8320,8100,96992,8120
8200,8310,8130,77835,8260
8400,8400,8150,86947,8210
8180,8440,8170,131628,8340
8320,8350,8150,162192,8180
8370,8450,8260,159507,8330
8020,8400,7990,288406,8350
7970,8020,7890,44345,7950
8050,8080,7920,86675,7920
8200,8210,7990,139534,8070
7890,8170,7810,216637,8170
7910,8060,7810,41817,7850
7810,7970,7810,52826,7900
7890,7930,7790,75632,7850
7950,8040,7910,53542,7910
8010,8080,7930,96568,7950
8210,8210,8010,69546,8080
8300,8300,8140,48364,8160
8170,8250,8140,52130,8210
8120,8190,8070,74448,8150
8110,8170,8090,32249,8110
8160,8170,8060,60571,8110
8000,8130,7990,48540,8120
7950,8140,7850,99508,8130
7930,7980,7880,78257,7900
7840,7950,7840,41707,7930
7800,7940,7760,31948,7830
7900,7910,7740,49362,7800
7880,7960,7830,34333,7900
7980,8000,7830,25678,7920
8000,8020,7880,29259,7980
7940,8040,7820,60489,8000
7810,7940,7810,54720,7940
7880,7970,7730,93743,7900
7780,7890,7710,125368,7820
7570,7810,7540,54245,7740
7530,7580,7460,39179,7540
7620,7620,7450,37690,7480
7560,7640,7390,65348,7470
7550,7670,7510,46157,7590
7610,7680,7510,53176,7560
7620,7760,7600,81503,7610
7720,7760,7600,75616,7680
7820,7880,7700,38626,7720
7830,7910,7740,49669,7810
8030,8030,7780,43457,7890
7840,8010,7840,23612,7980
7880,7970,7830,51800,7840
7950,8040,7910,58658,7930
8000,8050,7940,41245,7980
8150,8150,7850,52494,7990
8190,8250,8040,64014,8140
8090,8130,8000,36337,8130
7980,8090,7880,70633,8090
7990,8080,7770,66070,7810
7900,7990,7860,54980,7920
7710,7980,7650,64657,7900
7500,7750,7430,185896,7740
7630,7750,7060,218802,7280
7600,7740,7510,30006,7680
7580,7670,7520,71489,7600
7510,7630,7410,40348,7580
7300,7680,7290,59346,7540
7770,7780,7380,79911,7380
7640,7930,7640,86241,7770
7940,7970,7680,81252,7780
8240,8260,7950,103493,7980
8070,8270,8070,49274,8240
8110,8280,7930,75784,8060
8390,8450,8100,80944,8100
8380,8550,8360,47490,8390
8460,8480,8400,31170,8420
8650,8650,8410,69382,8460
8440,8700,8360,115902,8590
8370,8440,8320,66735,8410
8630,8630,8400,93901,8400
8550,8630,8530,37196,8600
8670,8780,8550,66359,8560
8630,8730,8600,40138,8670
8740,8770,8560,123203,8660
8630,8780,8630,60178,8710
8920,8930,8600,165036,8600
8920,8920,8790,101800,8870
9040,9040,8850,69602,8880
8900,9060,8730,182860,8930
9320,9380,8960,169214,8980
9360,9440,9350,41651,9350
9430,9430,9300,69984,9390
9250,9460,9240,100238,9430
9360,9570,9190,183706,9250
9150,9490,9110,205561,9400
9100,9160,8980,91236,9150
9200,9200,9000,65481,9070
8760,9210,8760,134779,9200
8900,8920,8700,102520,8820
8950,9020,8850,59138,8900
8950,9060,8850,175069,8920
9160,9480,9120,250696,9170
9180,9340,9080,150905,9230
9350,9420,9180,131412,9230
9470,9500,9340,152344,9370
9030,9530,9030,367185,9530
8900,9150,8800,157090,9010
8800,8950,8750,81059,8830
9100,9150,8670,344837,8830
9240,9320,9070,130098,9090
9200,9600,9070,275947,9150
9030,9120,8940,112520,9000
9150,9220,9010,138100,9070
9280,9310,9110,52746,9130
9250,9360,9090,97880,9260
9300,9470,9090,107968,9090
9400,9400,9220,90527,9290
9360,9520,9300,86979,9330
9570,9630,9260,83871,9410
9630,9780,9560,101567,9560
9710,9780,9620,100669,9680
9800,9910,9660,93000,9660
9650,9850,9500,104217,9820
9330,9700,9300,163792,9600
9490,9490,9310,101265,9320
9520,9610,9390,165691,9420
9650,9650,9500,76492,9510
9560,9660,9020,124763,9570
9520,9800,9520,95520,9610
9990,9990,9560,236931,9590
9950,10100,9880,93682,9920
10000,10050,9890,132099,9920
10200,10250,9950,174237,9970
10050,10200,9980,139615,10200
10050,10250,9940,185413,9990
9950,10100,9850,156090,9990
10050,10100,9850,224318,9870
10050,10200,9970,216117,9970
10150,10200,10000,110304,10050
10150,10200,9970,169020,10100
10400,10400,10000,240215,10100
10500,10500,10150,153051,10300
10750,10850,10400,227423,10450
10650,10750,10350,213586,10550
10750,10850,10550,245693,10650
11000,11050,10500,409317,10600
10300,11100,10200,1346083,10850
10250,10400,9990,198457,10100
10400,10450,10200,156010,10350
10000,10400,9900,275210,10400
10200,10200,9960,208228,9960
9850,10400,9760,466248,10100
9850,10100,9700,352292,9750
9210,9770,9210,282254,9760
8750,9480,8750,334886,9400
9840,9910,8700,621895,9080
9710,9870,9510,293348,9730
10150,10150,9780,315346,9830
10250,10250,9990,278627,10100
10300,10300,10000,255159,10200
10750,11050,10000,910307,10150
10400,11250,10300,991321,10500
10350,10550,10250,144971,10400
10050,10550,9900,330124,10350
10700,10750,9980,573462,10150
10700,10750,10400,308504,10650
10850,11300,10400,549073,10600
10800,11100,10700,427260,10900
10700,10750,10450,181624,10700
11000,11000,10600,337465,10650
10500,11000,10400,449419,10900
10500,10600,10350,322649,10400
10450,10550,10200,242286,10500
10300,10500,9980,254573,10400
10450,10500,10150,247091,10250
10300,10450,10000,522664,10400
11600,11750,10050,1549992,10200
11200,11950,10950,1199632,11550
11100,11400,10850,678196,11100
10800,11400,10650,753916,10800
10550,11100,10100,1410629,10750
10100,11700,10050,2574162,10650
10250,10300,9920,533964,10050
9470,10150,9470,980264,10100
9710,9740,9460,202275,9490
9440,9770,9350,371307,9700
9400,9660,9370,422692,9430
9130,9640,9120,605125,9310
8700,9240,8700,271636,9120
8970,9030,8660,362666,8700
9090,9300,9000,132892,9050
9360,9380,9090,254265,9090
9110,9330,9050,210588,9330
9270,9310,9090,219534,9130
9440,9550,9130,440243,9160
9600,9900,9500,797621,9530
8950,9630,8950,907794,9630
9000,9040,8890,98225,8930
9020,9050,8890,136782,8930
9070,9210,8930,232922,8960
8940,9050,8870,139229,9010
9070,9100,8850,158796,8910
8870,9090,8760,202064,9020
8830,8950,8620,218109,8840
9080,9160,8810,410229,8810
9120,9390,8840,623213,9160
9050,9240,8910,221392,9060
9060,9260,9000,352344,9120
8900,9240,8800,447833,8950
8940,8950,8700,323475,8900
8530,8970,8510,881142,8900
8150,8450,8150,330275,8390
8370,8430,8000,354740,8110
8370,8470,8320,110804,8340
8310,8390,8210,127357,8360
8440,8470,8270,96593,8310
8260,8500,8260,112864,8370
8350,8440,8160,110144,8300
8500,8500,8300,153350,8380
8200,8640,8190,684981,8480
8300,8310,8130,123793,8200
7950,8260,7930,317926,8260
7910,8010,7830,147930,7950
7830,7930,7810,59946,7860
7980,8020,7830,115457,7830
8050,8060,7960,115755,7980
7980,8050,7920,92895,8010
8000,8070,7940,133772,8000
7820,8030,7800,232477,8000
7800,7890,7740,137794,7810
7950,7990,7790,211122,7810
7880,8000,7840,180393,7900
7920,7920,7800,163751,7890
7750,7880,7720,191527,7880
7900,7900,7650,271304,7700
7870,7910,7730,156421,7900
7860,7960,7700,216439,7760
7850,7950,7780,150099,7810
8120,8130,7840,280833,7850
7820,8100,7770,312241,8080
7880,7890,7740,277191,7820
7980,7990,7800,327298,7870
8170,8200,7760,428503,7860
8030,8250,8030,256999,8040
7950,8040,7730,358474,8030
8310,8600,7700,933129,7710
9070,9330,8570,667543,8610
9240,9520,9160,618357,9510
9630,9690,9170,695375,9210
9250,9940,9250,1611939,9510
9600,9680,9150,880752,9160
9480,9730,9340,1576796,9410
8840,9290,8750,886006,9080
8680,8850,8540,248182,8800
9200,9210,8660,407195,8730
8970,9340,8910,594779,9090
8750,9140,8670,629032,8980
8750,8890,8490,297561,8670
8790,9010,8630,492932,8720
8770,9060,8400,719046,8660
8620,8830,8520,440366,8800
8320,8760,8300,455032,8630
8720,8840,8450,357135,8450
8610,8710,8420,474061,8710
9190,9200,8600,885059,8780
9560,9560,8930,834633,9020
8870,10100,8800,2844188,9380
8210,8900,8130,802330,8770
8470,8690,8190,704752,8380
8200,8590,8110,609906,8550
8040,8250,8000,243179,8190
8130,8150,7920,281440,8140
8180,8180,8020,166761,8140
8140,8290,7950,355335,8190
7690,8120,7690,453510,8000
7530,7730,7440,150996,7560
7480,7570,7430,77572,7440
7550,7610,7420,87185,7500
7550,7650,7500,78950,7500
7370,7680,7300,159065,7650
7500,7560,7340,133845,7440
7300,7620,7210,154524,7470
6900,7500,6900,125918,7210
7160,7160,6900,156674,6910
7400,7410,7170,139114,7200
7470,7540,7230,159248,7400
7470,7680,7420,83539,7440
7640,7780,7410,211408,7500
7620,7700,7440,180896,7650
7610,7710,7560,116154,7570
7830,7850,7650,164412,7740
8220,8260,7900,208479,7900
7770,8200,7760,295928,8180
7910,7910,7740,168873,7750
8150,8150,7940,160854,7940
8150,8270,8070,210201,8070
8310,8360,8090,200786,8220
8510,8600,8120,281810,8260
8060,9200,8020,1447412,8510
7790,7860,7600,114134,7840
7780,7930,7740,128846,7760
8010,8100,7750,206662,7760
8110,8280,7980,197266,8030
7880,8140,7730,536776,8030
8200,8340,8050,361832,8200
8240,8480,8080,409701,8410
7530,8190,7510,415496,8190
8000,8110,7570,343619,7590
7610,8060,7310,455194,8030
7720,7950,7540,301490,7610
7150,7850,7070,440235,7490
6810,7110,6810,77015,7040
6880,6920,6780,27137,6810
6880,6930,6810,19073,6850
7030,7070,6870,66160,6920
7080,7080,6950,53904,7030
6990,7060,6940,21632,7020
7000,7080,6930,87991,6990
7040,7060,6970,39308,7000
6930,7070,6910,53775,6980
7000,7000,6850,31833,6900
7040,7040,6900,53267,6900
6950,7050,6850,59979,7020
6990,7020,6850,61455,6940
6960,6980,6870,77012,6960
6850,6920,6800,67695,6900
6840,6920,6700,127547,6850
6950,6950,6830,50477,6890
7060,7060,6820,101855,6890
7170,7250,6970,92443,6990
7240,7300,7060,44594,7150
7230,7360,7130,70895,7240
7100,7270,7090,113462,7130
7080,7110,6990,32838,7040
7020,7180,6970,75962,7030
7030,7160,6870,92237,7020
7210,7210,7020,37519,7170
7090,7240,7080,27562,7190
7270,7320,7070,87499,7120
7290,7450,7220,32793,7350
7340,7390,7260,48944,7270
7200,7480,7200,98713,7430
7250,7330,7100,33806,7160
7080,7260,7080,113815,7200
6930,7110,6900,25566,7080
7100,7170,6950,49947,6970
7020,7150,6930,93267,7070
6810,6990,6800,57782,6960
6680,6920,6670,192726,6880
6860,6880,6480,285909,6580
6860,6920,6770,74026,6790
7070,7140,6800,97649,6860
7210,7250,7000,83803,7010
6910,7210,6870,67865,7170
7100,7240,7000,161801,7000
7230,7250,7050,45362,7100
7280,7310,7140,123831,7240
7150,7420,7100,140126,7190
6990,7150,6850,116271,7100
6600,7220,6550,326603,6990
6450,6900,6440,148289,6590
6730,7090,6600,306133,6700
7050,7220,6900,160224,7050
7700,7700,6950,275683,7150
7980,8070,7610,142106,7710
8120,8350,7960,49708,7960
7920,8250,7850,64387,8100
8230,8310,7830,159844,7920
8470,8470,7980,100003,8380
8600,8600,8320,37390,8320
8530,8700,8380,44914,8530
8540,8690,8490,76460,8530
8300,8550,8280,86605,8540
7990,8300,7980,114515,8290
8200,8310,8030,83789,8070
7970,8250,7830,140730,8160
8280,8400,7900,186963,7970
8750,8830,8320,102481,8320
8630,8690,8280,164939,8610
9210,9220,8790,192486,8790
9080,9260,8940,155836,9220
9020,9060,8900,176745,9000
9200,9200,8960,280011,9060
9250,9310,9050,121631,9190
9160,9330,9100,169992,9240
9480,9500,9100,220883,9110
9460,9600,9330,224498,9510
9270,9490,9200,283657,9460
9390,9490,9150,310379,9300
9010,9210,8900,204631,9210
9170,9540,8840,560679,8910
8890,9200,8590,785221,9000
9800,9890,9120,877594,9260
11650,12250,9650,2296766,9820
10450,12000,10400,2396869,11200
10050,10950,9990,2044844,10750
10150,10650,9710,998554,9970
9120,10200,9100,830475,10000
8900,9150,8670,227561,9070
9200,9380,8880,365033,8880
9830,10350,9350,909053,9350
9480,9870,9430,352966,9740
9260,9490,9200,251488,9490
9170,9260,8990,138733,9240
9240,9290,8970,102443,9040
9290,9360,9090,93954,9140
9080,9260,9010,167227,9220
8920,9140,8900,117100,8980
8910,9100,8790,188727,8900
8710,9190,8610,168206,8950
9280,9440,8880,202208,8880
9350,9360,9060,117385,9280
9500,9500,8950,223830,9110
9200,9490,9200,110623,9350
9390,9580,9190,194483,9270
9460,9700,9400,171427,9490
9870,9930,9370,284356,9450
10150,10400,9730,571204,9870
9760,10800,9710,1181302,10400
9510,9880,9260,353896,9680
9460,9580,9330,193097,9370
9230,9510,9160,225990,9460
9500,9510,9040,285377,9130
9400,9660,9250,313847,9510
9920,9950,9360,659586,9360
10050,10650,9790,1275772,9850
8700,9900,8690,1757390,9890
8430,8760,8430,146176,8610
8600,8700,8300,132129,8470
8500,8780,8420,117413,8580
8450,8490,8310,63928,8470
8340,8450,8280,74925,8430
8300,8400,8190,93596,8300
8170,8300,8170,80971,8220
7910,8180,7810,126650,8170
7700,7880,7540,115308,7850
7850,8000,7600,202850,7850
8350,8380,7800,121415,8040
8500,8540,8300,47563,8330
8550,8660,8380,63493,8500
8460,8740,8460,85049,8630
8620,8620,8490,63445,8600
8690,8780,8400,126701,8580
8750,8830,8370,170302,8700
8760,9050,8210,278831,8750
9000,9050,8790,137570,8820
8750,9010,8630,225940,8900
8840,8980,8790,157533,8820
9070,9070,8790,194864,8930
9000,9110,8800,248655,9050
8680,9090,8540,346486,8910
8700,9140,8600,379878,8610
8700,8750,8450,295376,8680
7890,8890,7870,1022631,8620
7540,7900,7510,254054,7840
7590,7590,7480,92827,7540
7490,7640,7490,107793,7510
7590,7650,7420,88596,7520
7770,7770,7560,133354,7560
7540,7820,7430,296573,7670
7540,7550,7450,108081,7510
7470,7550,7400,138427,7500
7670,7760,7400,204285,7470
7670,7920,7600,266175,7790
7770,7800,7580,202898,7680
7750,7810,7520,232722,7770
7330,7940,7280,671974,7680
7070,7350,7040,421207,7250
7090,7140,6970,111614,7040
6900,7090,6790,158027,7040
6910,6920,6830,92492,6900
6770,6930,6770,145932,6900
6720,6790,6630,73609,6770
6640,6740,6560,114767,6720
6390,6890,6390,124390,6640
6500,6580,6390,106643,6470
6500,6600,6450,46259,6500
6410,6600,6410,161657,6510
6300,6440,6300,112905,6410
6350,6400,6290,56039,6300
6240,6400,6170,78655,6350
6260,6320,6190,85234,6240
6270,6330,6190,91472,6250
6250,6310,6220,102443,6270
6350,6370,6230,111834,6250
6240,6340,6160,180830,6300
6090,6150,5990,96779,6130
6200,6210,5980,208836,6080
6020,6250,5990,310268,6160
6000,6040,5960,46196,6000
6010,6080,5950,58385,6000
5940,6010,5910,65467,6010
6000,6080,5860,64401,5930
5940,6050,5900,125048,5940
5920,6100,5860,113384,5980
5890,5970,5830,62445,5890
5950,5950,5850,84762,5890
5890,6050,5850,88453,5930
5980,6000,5810,181083,5910
5620,6300,5600,646593,5980
5500,5620,5500,50050,5600
5530,5570,5470,58827,5550
5610,5610,5520,43207,5570
5620,5670,5580,24544,5610
5550,5620,5540,39200,5600
5610,5610,5500,77386,5550
5590,5670,5550,27058,5610
5670,5710,5550,51381,5600
5680,5760,5640,49574,5680
5750,5750,5520,57341,5640
5730,5800,5630,38536,5750
5680,5790,5650,83171,5720
5560,5640,5550,39527,5600
5540,5660,5540,42854,5560
5550,5580,5490,78677,5540
5550,5600,5400,65098,5500
5470,5580,5400,42517,5540
5480,5570,5450,49260,5470
5430,5590,5400,47278,5500
5450,5570,5450,48783,5530
5640,5730,5500,95325,5570
5700,5730,5580,76903,5680
5420,5940,5420,345851,5680
5280,5430,5230,24831,5420
5190,5300,5190,18478,5280
5250,5280,5120,35161,5190
5280,5340,5160,59756,5250
5310,5410,5200,50377,5280
5510,5510,5390,50563,5410
5530,5540,5450,41998,5490
5350,5570,5350,102131,5570
5160,5470,5150,101752,5450
5180,5210,5140,55488,5200
5170,5270,5100,50784,5180
5130,5230,5090,221829,5170
5000,5400,5000,672393,5110
5660,5700,5590,31648,5630
5750,5790,5650,52298,5660
5770,5820,5700,46439,5760
5870,5870,5680,85228,5820
5840,6040,5820,84440,5880
5860,5870,5790,42310,5790
5950,5980,5840,28516,5860
5850,5960,5800,31721,5950
5820,5850,5790,18554,5850
5880,5890,5700,80557,5820
5850,5900,5780,88520,5880
5850,5920,5790,109231,5850
5840,5890,5800,50974,5870
5810,5870,5750,65046,5780
6000,6000,5740,121335,5800
6060,6070,5950,38313,6000
6060,6100,5990,33251,6050
5980,6080,5890,53270,6060
5930,6050,5830,26147,5960
5980,6020,5890,42278,5920
5750,5940,5720,38895,5940
5750,5920,5720,72246,5800
5790,5890,5780,64030,5830
6100,6150,5800,181960,5830
6100,6200,6010,44421,6100
6100,6140,6030,58210,6100
6190,6300,6100,149597,6140
6330,6370,6210,105902,6220
6500,6500,6330,98228,6350
6140,6560,6100,318255,6500
6230,6300,6060,235901,6200
6300,6370,6200,106500,6280
6370,6400,6290,96925,6360
6250,6330,6090,163273,6330
6310,6440,6170,152494,6280
6250,6380,6200,242784,6280
5990,6370,5910,416019,6260
5800,6040,5700,162306,5990
5600,5810,5600,69402,5800
5860,5860,5600,151434,5600
5790,5930,5700,131924,5890
5720,5800,5600,87171,5800
5460,5770,5460,199980,5710
5500,5590,5460,46560,5500
5310,5600,5150,124471,5510
5400,5420,5270,120990,5320
5450,5490,5340,56405,5400
5500,5530,5420,65237,5450
5460,5560,5440,71193,5510
5430,5530,5400,119908,5490
5420,5450,5350,68303,5430
5470,5520,5420,27450,5450
5520,5520,5430,51541,5470
5450,5520,5450,43361,5460
5520,5530,5440,29468,5480
5570,5570,5400,85424,5490
5520,5590,5460,38577,5530
5540,5570,5420,59943,5520
5670,5670,5500,101761,5540
5390,5900,5350,621449,5600
5340,5440,5320,27702,5390
5400,5420,5300,98817,5340
5300,5410,5230,92575,5400
5200,5300,5160,60991,5300
5160,5250,5140,48950,5190
5190,5200,5130,37310,5170
5160,5230,5100,80115,5190
5170,5210,5120,55445,5170
5030,5260,5000,94595,5170
5050,5080,4960,45951,5040
5000,5060,4975,40829,5050
5020,5090,4940,168740,5000
5150,5160,5080,61985,5120
5150,5170,5100,94339,5150
5170,5230,5100,83653,5150
5110,5140,5050,39269,5110
5070,5130,4985,110318,5110
5020,5110,5020,84425,5100
4955,5080,4930,34244,5060
4970,4980,4905,40289,4920
4990,5060,4925,69667,5000
5080,5080,4995,48367,5000
5050,5100,5020,44221,5040
5090,5140,5040,50183,5080
5050,5100,4985,21746,5090
5100,5130,4985,53582,5100
5080,5140,5020,69665,5100
5210,5240,5060,166110,5060
5220,5260,5200,71751,5210
5230,5230,5170,78704,5200
5210,5260,5190,75705,5210
5410,5470,5200,160566,5220
5490,5490,5350,32511,5440
5430,5510,5420,27622,5470
5470,5500,5410,46376,5440
5600,5600,5420,50780,5490
5670,5670,5520,52553,5600
5500,5760,5430,43650,5630
5460,5520,5400,54967,5490
5460,5550,5430,20943,5470
5510,5550,5440,13730,5510
5460,5530,5410,32329,5530
5470,5550,5430,33871,5530
5540,5540,5400,40213,5480
5620,5640,5500,38521,5540
5660,5700,5520,29988,5630
5650,5740,5620,48061,5660
5670,5670,5520,22486,5650
5580,5690,5510,22138,5670
5590,5600,5490,13290,5560
5470,5680,5470,46945,5590
5540,5590,5400,48776,5550
5590,5680,5500,35121,5520
5680,5900,5520,47372,5650
5660,5710,5530,32606,5630
5750,5760,5640,14492,5640
5730,5750,5650,15594,5740
5720,5750,5650,19580,5730
5540,5730,5540,27487,5700
5650,5650,5500,37407,5630
5640,5680,5580,23830,5640
5660,5670,5600,23324,5640
5680,5680,5600,19892,5640
5600,5750,5560,29777,5670
5750,5750,5620,35078,5680
5800,5830,5710,38497,5790
5780,5850,5700,28256,5800
5750,5800,5650,81972,5780
5890,5890,5770,27115,5780
5810,5890,5800,43928,5860
5980,5980,5810,64178,5890
5960,5990,5910,23550,5910
5910,5970,5890,30441,5920
5950,5970,5880,62910,5940
5960,6000,5900,19322,5950
6050,6050,5970,37340,6000
6080,6080,5950,32352,6040
5970,6080,5960,55881,6060
5970,5990,5900,27099,5980
5880,5970,5830,23540,5970
5930,5990,5800,99451,5890
6030,6040,5880,66300,5940
6050,6060,5950,35260,6030
6050,6100,6030,28280,6050
6040,6120,6020,77626,6090
5990,6050,5970,46276,6050
5920,6000,5880,62347,6000
6010,6050,5870,31220,5950
5960,6020,5940,35820,6010
6010,6050,5920,48380,6020
6040,6100,5980,30350,6040
6030,6120,6010,36380,6080
6040,6150,5950,73042,6080
6020,6060,5960,59367,6040
6090,6110,5960,35920,6020
6050,6100,5950,37070,6050
6000,6170,6000,121613,6050
5950,6070,5910,111223,6050
5930,5960,5800,81703,5950
5700,5950,5700,146546,5920
5700,5730,5630,74970,5720
5700,5700,5580,71854,5680
5680,5730,5600,44970,5670
5800,5810,5670,89912,5740
5750,5810,5690,91681,5800
5700,5770,5670,81355,5710
5610,5730,5560,105863,5710
5480,5580,5420,95021,5580
5500,5580,5440,101618,5530
5590,5610,5350,157220,5560
5690,5710,5470,137841,5590
5710,5730,5650,64000,5720
5750,5750,5600,96916,5730
5780,5780,5680,76576,5740
5790,5790,5660,49877,5740
5710,5770,5630,55577,5700
5740,5780,5600,77450,5720
5640,5740,5590,88181,5740
5750,5750,5510,141737,5600
5770,5870,5700,161636,5780
5650,5890,5580,218120,5860
5690,5710,5530,148596,5650
5490,5720,5460,188340,5690
5490,5550,5330,150390,5460
5460,5640,5450,158310,5490
5500,5550,5400,120152,5450
5410,5610,5330,295742,5500
5380,5450,5310,123888,5390
5290,5530,5130,302694,5390
5100,5250,5070,185329,5190
4990,5160,4960,351931,5090
4830,4920,4800,142619,4920
4855,4865,4780,66561,4780
4715,4870,4690,118632,4840
4675,4715,4660,58414,4695
4655,4685,4585,119591,4675
4715,4715,4625,101013,4640
4710,4735,4675,54693,4715
4730,4735,4680,50147,4710
4790,4820,4670,123274,4690
4810,4850,4785,39121,4790
4865,4910,4830,55389,4830
4820,4890,4820,31259,4865
4920,4930,4830,79986,4850
4865,4910,4840,49449,4890
4860,4900,4825,46324,4855
4890,4945,4875,58068,4880
4915,4960,4860,56831,4900
4925,5100,4880,156972,4970
4790,4935,4790,48349,4925
4800,4875,4745,63311,4830
4755,4805,4745,49710,4800
4855,4895,4745,75983,4865
4945,4970,4835,79673,4855
4935,4990,4920,76445,4970
4950,4995,4900,74932,4960
4930,4995,4850,96598,4995
4910,4920,4855,112872,4910
4780,4875,4775,348224,4860
4700,4845,4700,82249,4750
4725,4725,4685,57824,4690
4740,4740,4685,76871,4700
4760,4770,4680,56910,4700
4785,4785,4685,164913,4735
4630,4730,4580,96900,4730
4555,4625,4545,103201,4580
4575,4580,4500,71873,4555
4420,4575,4420,107190,4540
4440,4510,4410,99452,4440
4315,4455,4315,124714,4390
4500,4550,4395,1318159,4430
4680,4735,4555,442634,4580
4680,4705,4600,25677,4660
4515,4650,4515,48363,4650
4490,4605,4430,90765,4545
4645,4765,4480,122125,4480
4685,4700,4590,58325,4645
4785,4800,4640,183228,4655
4850,4850,4780,33600,4800
4890,4900,4800,18313,4855
4805,4980,4800,57951,4890
4800,4865,4790,28420,4865
4910,4910,4790,34822,4865
4900,4900,4820,28295,4895
4760,4895,4760,35801,4860
4810,4865,4720,66161,4740
4850,4900,4780,52560,4845
4960,4980,4850,94940,4850
5000,5030,4900,122794,4970
5050,5050,4975,34250,5000
5040,5040,4985,54275,4985
5070,5070,4980,42746,5040
5030,5070,4970,65721,5070
5000,5050,4965,49253,5000
5100,5110,4985,24721,5000
5010,5090,4985,51410,5080
5000,5120,5000,72186,5070
5050,5120,4980,69487,5040
5140,5140,4965,144278,5120
5200,5200,5100,17870,5170
5130,5240,5080,34904,5190
5250,5250,5130,6981,5150
5140,5230,5130,28671,5230
5250,5300,5070,34839,5140
5330,5330,5180,39910,5250
5430,5440,5270,56780,5340
5390,5460,5370,20710,5410
5560,5560,5380,35856,5440
5580,5610,5460,31391,5530
5590,5660,5550,20111,5590
5670,5670,5570,32680,5570
5670,5680,5580,16860,5660
5660,5670,5600,18810,5670
5650,5690,5610,23026,5660
5630,5670,5580,29829,5640
5570,5650,5570,13918,5630
5540,5690,5540,22910,5590
5550,5610,5530,24441,5530
5530,5610,5530,37850,5550
5590,5680,5490,72976,5530
5800,5840,5600,83510,5630
5840,5870,5750,14821,5780
5940,5940,5800,11990,5840
5840,5970,5800,18520,5860
5780,5890,5730,26850,5840
5770,5850,5730,8651,5730
5870,5870,5730,24477,5800
5860,5960,5830,35443,5830
5890,5980,5850,25490,5950
5980,6040,5920,41436,5920
6000,6030,5910,26594,5960
6020,6060,5930,33964,6010
5770,6050,5770,69725,6020
5820,5820,5720,29890,5790
5760,5840,5700,32880,5790
5760,5820,5730,26275,5790
5770,5830,5770,18071,5790
5750,5820,5720,20850,5800
5800,5820,5710,38724,5780
5820,5850,5740,33062,5800
5810,5920,5790,63810,5810
5800,5840,5730,42497,5830
5780,5810,5670,96472,5800
5810,5840,5730,56280,5800
5650,5820,5650,130552,5750
6010,6050,5600,395557,5650
6060,6110,5950,52550,6010
6130,6150,6020,50340,6080
6140,6200,6060,45879,6130
6170,6240,6120,33400,6210
6120,6200,6060,60603,6170
6090,6130,5980,31151,6100
6100,6160,5980,40060,6100
6140,6180,6070,17623,6100
6140,6220,6020,83828,6120
6300,6300,6110,119820,6120
6410,6590,6230,66310,6380
6570,6590,6360,106730,6410
6730,6730,6550,86513,6580
6620,6720,6570,50760,6720
6510,6720,6500,57257,6710
6570,6640,6490,44888,6530
6710,6750,6540,68330,6600
6700,6730,6570,67320,6700
6870,6940,6590,196827,6700
6950,6970,6800,78143,6870
7050,7070,6910,78090,6970
6850,7080,6770,174804,7030
6900,6950,6760,83056,6870
7080,7080,6880,73625,6880
6940,7080,6830,96015,7000
7050,7050,6910,31330,6940
7000,7120,6940,54812,7030
7150,7160,7020,51931,7040
7110,7150,6970,62833,7140
7100,7120,7050,31182,7090
7180,7180,7040,50347,7100
7140,7230,7090,124756,7180
6930,7190,6930,175828,7090
6880,6900,6810,35807,6900
6820,6880,6770,34040,6880
6850,6850,6760,17992,6800
6850,6900,6800,38731,6820
6830,6870,6770,35962,6820
6760,6850,6720,30041,6830
6810,6810,6720,23581,6760
6860,6890,6700,26948,6770
6900,6910,6740,23662,6850
6870,6930,6780,82334,6890
6800,6890,6700,61634,6810
6870,6950,6660,98736,6720
6780,6890,6760,35420,6820
6620,6900,6610,111717,6860
6620,6660,6550,26041,6640
6510,6560,6420,41497,6550
6260,6450,6260,49590,6380
6430,6610,6150,130070,6230
6620,6620,6500,32850,6530
6400,6620,6350,104521,6510
6900,6930,6620,125249,6620
6940,7040,6760,161559,6950
6930,6990,6800,60845,6970
7000,7100,6810,63020,6970
6990,7100,6900,84970,7000
7010,7050,6850,85770,6990
6910,7050,6830,71346,7040
6820,6940,6700,82730,6910
6680,6820,6630,39174,6810
6670,6750,6470,96301,6650
6750,6830,6620,51032,6670
6910,6970,6650,139461,6780
6880,7060,6830,64022,6910
7050,7080,6900,68003,6930
6990,7060,6980,106690,7050
7070,7150,6900,173360,7060
7010,7130,6990,46685,7060
7030,7060,6940,58630,7020
6880,7050,6720,96979,7040
7110,7140,6830,170543,6850
7210,7210,7050,147462,7100
7110,7410,7060,368140,7190
7220,7250,7030,94298,7100
7160,7380,7130,385664,7250
6800,7110,6790,143205,7030
6910,7020,6610,191259,6760
7100,7170,6850,123400,6920
7120,7180,6990,124982,7090
7360,7360,7080,116934,7170
7230,7420,7220,207145,7300
7150,7210,7050,235360,7200
7160,7230,7050,174055,7120
6700,7180,6630,355990,7170
6800,6820,6570,123102,6700
6650,6870,6650,254863,6750
6700,6750,6580,186255,6680
6540,6780,6500,334769,6700
6290,6560,6270,263273,6550
6320,6430,6280,108562,6330
6190,6330,6150,73084,6310
6170,6250,6000,65250,6220
6300,6340,6150,133031,6170
6340,6400,6280,124840,6340
6370,6480,6240,142197,6350
6200,6530,6200,288238,6370
6160,6390,6150,159978,6280
6140,6380,6060,152712,6140
6060,6140,5990,43460,6110
6020,6040,5950,25691,6030
6010,6030,5770,142641,6010
6040,6100,5990,38118,6010
6140,6170,6000,51920,6040
6080,6170,5980,52942,6140
6120,6210,6090,55140,6180
6080,6130,6030,66100,6110
6150,6150,5960,36020,6060
6100,6130,6050,33961,6110
6020,6100,5940,30525,6050
5910,6030,5910,32427,6020
6130,6170,5880,235070,5940
6100,6140,5970,170620,6130
6400,6420,6040,202629,6080
6450,6530,6310,76127,6370
6330,6470,6330,61306,6440
6320,6400,6250,78138,6360
6450,6550,6320,97380,6320
6420,6500,6380,64790,6450
6450,6510,6380,84285,6420
6300,6490,6250,134715,6450
6080,6340,6060,181368,6300
6030,6080,5970,33231,6080
6010,6080,5950,42706,6050
6060,6090,5950,43141,6000
6040,6090,5990,41266,6050
6030,6050,5980,24840,6040
6030,6100,5990,38280,6040
6120,6120,5970,37863,6030
5950,6080,5910,34758,6040
5820,5970,5820,18820,5950
6050,6050,5780,149220,5900
6020,6150,6020,36304,6120
6040,6110,6000,35552,6100
6090,6150,6070,22940,6120
6040,6120,6000,29420,6090
6020,6050,5960,21640,6040
5960,6030,5960,19477,6030
5950,5990,5900,13800,5960
5850,6010,5850,27470,5950
5920,5940,5810,16061,5920
5800,5940,5780,26793,5920
5820,5860,5750,24115,5840
5670,5860,5630,41740,5750
5790,5800,5590,71048,5670
5980,5980,5820,71525,5820
6030,6090,5880,71978,5920
6100,6170,6030,44140,6030
6100,6190,6040,25819,6140
5950,6130,5950,41656,6100
6010,6080,5980,63915,6010
6140,6140,5930,41786,6000
6150,6150,6050,37717,6100
6150,6200,6040,81910,6150
6120,6170,6010,38614,6150
6250,6310,6070,71470,6120
6240,6320,6210,26104,6250
6160,6370,6160,53672,6240
6230,6280,6130,61552,6220
6280,6370,6170,51046,6250
6370,6400,6280,71894,6280
6240,6420,6170,118681,6330
6270,6270,6160,45580,6200
6110,6250,6110,90588,6200
5980,6140,5980,69460,6110
6020,6080,5970,39911,6020
6000,6030,5930,51865,6020
6120,6120,5990,58069,6000
6070,6110,6000,45210,6090
6110,6110,5950,47860,6040
6000,6080,5990,17382,6040
5960,6110,5960,547440,6010
5920,6060,5860,66417,6000
5930,6030,5870,116133,5900
6170,6210,5900,190919,5920
6100,6230,5990,124660,6090
6200,6240,5990,156284,6050
6440,6450,6220,119029,6220
6340,6470,6230,161011,6440
6300,6550,6230,200551,6300
6210,6320,6150,100643,6300
6070,6230,5990,64634,6210
6140,6290,6030,102350,6070
6180,6200,5990,145831,6150
6260,6300,6110,118698,6160
6170,6350,6050,108706,6250
6280,6330,6170,171195,6200
6250,6350,6160,126900,6250
6120,6300,6100,139715,6200
6040,6190,5920,81533,6060
6210,6280,5990,139203,6050
6150,6260,6020,126335,6200
5940,6120,5940,97212,6090
5930,6000,5900,43482,5930
6040,6100,5880,62449,5910
6150,6230,6010,79361,6080
5850,6190,5850,191512,6140
6100,6230,5810,129780,5880
6280,6330,6000,185422,6060
6320,6400,6200,96647,6320
6410,6500,6250,161510,6280
6540,6550,6380,96830,6380
6590,6590,6440,89733,6520
6440,6630,6320,149465,6620
6640,6680,6390,191649,6440
6770,6790,6590,114773,6640
6660,6790,6570,320621,6760
6410,6630,6350,232445,6630
6510,6550,6340,110180,6360
6440,6590,6410,378777,6500
6220,6440,6220,66578,6390
6150,6400,6060,191814,6270
6340,6410,6110,503636,6200
6500,6560,6300,243931,6340
6400,6600,6350,209023,6470
6470,6590,6400,92269,6500
6340,6480,6300,84600,6470
6420,6440,6120,86233,6430
6300,6450,6200,150705,6360
6600,6610,6210,249062,6250
6730,6730,6450,143842,6600
6660,6800,6450,305504,6670
6400,6580,6400,218575,6550
6170,6370,6150,234129,6360
6290,6470,6200,177668,6230
6250,6390,6240,93503,6350
6240,6380,6180,142718,6240
6230,6260,6200,65838,6240
6220,6260,6090,108581,6230
5970,6190,5900,379351,6180
5830,5970,5780,171690,5970
5750,5840,5690,184850,5820
5930,5950,5710,369581,5750
6000,6020,5880,109336,5920
5910,6100,5830,573502,6020
5880,5980,5880,120491,5890
5830,5950,5780,80831,5890
5860,5930,5750,73302,5810
5900,6000,5690,596895,5820
5830,5980,5700,351463,5850
5730,5890,5630,522225,5840
5550,5700,5550,234778,5690
5540,5600,5520,68720,5570
5550,5630,5490,70710,5540
5340,5590,5320,255403,5560
5500,5500,5290,352420,5300
5560,5620,5420,252280,5490
5570,5640,5510,111938,5550
5500,5660,5430,135750,5560
5490,5570,5470,107292,5480
5520,5520,5470,62440,5500
5520,5540,5420,117820,5470
5520,5550,5470,60928,5470
5400,5550,5380,144278,5520
5460,5500,5380,234116,5390
5460,5530,5400,81390,5450
5400,5510,5390,84425,5490
5410,5430,5340,37080,5400
5350,5420,5330,78965,5400
5400,5430,5300,73884,5370
5480,5480,5340,73527,5390
5360,5450,5340,45216,5410
5480,5490,5300,98689,5420
5570,5570,5440,52261,5470
5470,5540,5450,56727,5540
5460,5580,5440,86385,5470
5580,5620,5520,54797,5520
5470,5560,5410,62059,5560
5460,5500,5380,69125,5410
5500,5500,5400,39550,5410
5620,5670,5470,71293,5500
5550,5650,5500,44112,5600
5660,5660,5480,77537,5550
5420,5670,5420,322591,5640
5350,5440,5270,222232,5400
5180,5370,5100,247230,5360
5170,5280,5170,69046,5170
5300,5360,5220,63950,5270
5290,5430,5290,56114,5330
5410,5450,5330,42220,5330
5410,5500,5360,73160,5430
5470,5530,5320,208920,5450
5420,5480,5400,48026,5450
5480,5490,5410,80243,5460
5350,5440,5260,74593,5400
5400,5430,5340,70311,5380
5340,5400,5290,67200,5390
5290,5350,5250,66876,5330
5200,5340,5130,89541,5280
5200,5310,5100,195441,5210
5290,5290,5140,63426,5170
5260,5340,5200,50655,5290
5170,5240,5070,59232,5230
5210,5210,5110,70654,5160
5180,5210,5120,48080,5180
5240,5280,5120,63341,5190
5090,5250,5040,93105,5200
5050,5150,5030,103340,5040
5300,5300,5140,46720,5150
5280,5330,5230,62256,5250
5350,5430,5280,131826,5360
5340,5350,5260,96134,5330
5280,5360,5250,49307,5270
5360,5400,5250,76538,5280
5290,5410,5260,84407,5330
5270,5300,5150,73984,5270
5290,5320,5260,39750,5280
5320,5380,5240,144750,5290
5390,5450,5310,103291,5370
5230,5340,5170,101154,5340
5300,5360,5070,208820,5210
5120,5270,5110,145372,5200
5010,5240,5010,260469,5120
5010,5180,4990,102050,5140
4940,5030,4860,34004,4990
5080,5090,4985,41451,4990
4985,5060,4985,54590,5050
5000,5060,4915,71588,5020
5000,5070,4950,50634,4980
4930,5090,4840,114003,4990
4895,4945,4840,48761,4925
4730,4850,4730,39891,4830
4810,4835,4655,83133,4735
4780,4905,4720,85161,4850
5000,5030,4800,78736,4800
5080,5080,4920,150778,5000
5090,5270,5050,177324,5120
5130,5170,5070,77476,5120
4985,5150,4935,95519,5130
4995,5010,4950,33160,4990
4990,5060,4960,45762,4995
4890,5070,4890,54516,4970
4965,5010,4940,57650,5000
5010,5030,4950,70312,4960
4850,5000,4850,120665,4980
4900,4990,4850,95041,4875
4945,5010,4850,170075,4905
4895,4995,4805,241800,4900
4695,4900,4650,344504,4825
4815,4815,4640,54787,4695
4800,4940,4780,346499,4815
4635,4855,4630,255511,4780
4595,4660,4570,56967,4635
4650,4680,4565,43901,4565
4555,4800,4500,231971,4650
4500,4575,4425,52203,4500
4450,4520,4430,23582,4500
4360,4420,4285,21922,4400
4280,4435,4280,32442,4355
4480,4480,4300,161329,4350
4535,4595,4440,39509,4475
4490,4520,4440,73761,4520
4600,4600,4460,53502,4490
4620,4620,4530,37932,4590
4580,4620,4535,41762,4605
4500,4535,4450,25437,4530
4540,4590,4410,72040,4460
4630,4630,4540,52548,4540
4625,4625,4580,34472,4585
4665,4670,4555,84391,4575
4645,4645,4570,64226,4600
4670,4675,4595,85224,4620
4600,4690,4550,155843,4580
4670,4680,4620,96402,4655
4760,4850,4600,432960,4660
5000,5190,4780,603338,4780
4850,4850,4690,64557,4690
4920,4925,4825,35461,4850
4900,4925,4750,69442,4900
4815,5090,4600,263601,4900
4630,4800,4630,35902,4735
4600,4750,4560,93060,4675
4625,4660,4580,59437,4580
4630,4660,4570,73821,4660
4790,4790,4655,45286,4665
4685,4790,4665,40187,4750
4670,4730,4655,53734,4680
4810,4870,4600,142103,4630
4860,4910,4810,51284,4810
4870,4920,4835,46594,4855
4840,4945,4820,66539,4860
4810,4875,4790,91160,4875
4830,4870,4785,64497,4825
4885,4915,4805,97827,4820
4850,4950,4850,104358,4915
5010,5010,4825,233583,4840
5080,5390,4990,552523,5050
5150,5200,4945,401045,4990
4800,4865,4750,86279,4865
4850,4920,4760,128301,4800
4700,4825,4660,124209,4760
4650,4715,4600,70183,4650
4690,4700,4630,36135,4650
4785,4785,4640,58160,4650
4825,4825,4690,100184,4740
4840,4840,4725,49548,4795
4810,4840,4730,95471,4800
4895,4940,4790,77812,4840
4740,4945,4740,97121,4885
4800,4925,4725,69277,4745
4640,4925,4640,198037,4800
4600,4660,4565,47089,4640
4560,4680,4550,58024,4600
4620,4620,4540,53924,4550
4650,4750,4550,86982,4570
4535,4730,4435,175501,4650
4455,4535,4445,59300,4470
4585,4670,4515,100026,4515
4680,4680,4520,175382,4585
4400,5000,4400,745913,4610
4400,4440,4335,61661,4395
4290,4480,4275,200420,4360
4300,4325,4220,45535,4240
4150,4290,4110,85140,4270
4135,4160,4125,42911,4150
4100,4160,4100,45291,4130
4070,4100,4060,25451,4085
4080,4150,4050,40600,4080
4010,4100,4010,101471,4090
4220,4255,4140,101205,4155
4290,4295,4200,61255,4255
4195,4295,4185,76493,4275
4200,4230,4160,70545,4180
4225,4240,4000,52736,4200
4080,4170,4070,58528,4160
4240,4275,3970,112836,4075
4255,4305,4245,34824,4250
4260,4260,4200,56364,4210
4280,4325,4245,53546,4260
4280,4325,4240,56455,4280
4350,4390,4295,82082,4300
4410,4420,4320,71401,4330
4355,4485,4350,53070,4420
4360,4405,4335,88366,4360
4380,4450,4300,118202,4360
4365,4430,4365,48481,4395
4310,4375,4310,47037,4365
4360,4410,4300,102246,4340
4265,4345,4240,44001,4310
4420,4420,4220,402124,4250
4525,4680,4235,370143,4415
4485,4580,4485,27860,4525
4580,4585,4490,122090,4500
4670,4705,4535,175507,4540
4500,4785,4485,235474,4750
4550,4550,4495,90221,4515
4525,4570,4510,64860,4540
4525,4595,4520,35209,4580
4600,4665,4540,68115,4540
4570,4660,4560,50318,4610
4620,4640,4570,159051,4620
4695,4695,4545,133445,4550
4615,4695,4540,138592,4620
4710,4850,4700,65725,4765
4705,4825,4660,64233,4710
4735,4760,4690,22892,4730
4830,4835,4695,118176,4740
4630,4990,4515,209978,4700
4500,4670,4490,126865,4635
4500,4595,4500,73872,4595
4585,4640,4505,323555,4525
4600,4600,4480,140305,4515
4500,4530,4440,92984,4480
4580,4615,4395,293857,4460
4720,4760,4610,141328,4620
4800,4875,4685,228738,4700
4695,4800,4695,53189,4750
4895,4895,4665,51091,4685
4950,5000,4800,206700,4815
4635,4950,4610,527493,4880
4600,4750,4545,176704,4710
4645,4645,4480,59750,4570
4670,4700,4595,50811,4645
4615,4685,4550,36676,4640
4730,4750,4590,43090,4610
4510,4680,4510,28089,4590
4380,4780,4380,182417,4590
4250,4405,4250,88136,4295
4240,4285,4155,71605,4185
4200,4300,4170,61644,4210
4315,4450,4315,61975,4440
4220,4300,4200,41282,4300
4355,4450,4235,65632,4290
4245,4380,4210,95170,4310
4440,4550,4050,231972,4125
4690,4700,4395,394930,4435
4910,4945,4795,291500,4810
5050,5150,5000,152100,5010
4970,5040,4935,75756,5000
4960,5200,4920,116978,4980
4910,4980,4865,77503,4920
4830,4990,4700,183268,4920
5020,5050,4770,95219,4775
5100,5100,5000,31287,5020
5180,5200,4990,124264,5060
4970,5180,4960,114060,5180
5000,5010,4860,224650,4915
5100,5170,5000,177951,5050
5210,5220,5090,145140,5170
5210,5330,5110,207966,5210
5320,5320,5100,144338,5170
5280,5340,5180,137777,5280
5090,5380,5020,231782,5200
4970,5190,4760,223426,5070
4925,5020,4850,121430,4950
5020,5020,4820,185301,4840
4855,4990,4855,127664,4935
4770,4900,4730,106941,4820
4810,4950,4700,327254,4770
5090,5150,4980,295150,5030
5120,5200,5000,391944,5030
5520,5560,5080,386690,5110
5440,5650,5290,258966,5390
4760,5300,4760,184565,5300
5050,5200,5000,241885,5030
4730,4990,4565,425522,4820
5240,5450,4850,414735,5070
5200,5450,5100,605797,5380
5980,6180,5720,254960,5720
5900,6040,5720,362821,6020
6180,6220,5910,350984,5990
6090,6470,6000,808467,6100
5680,6190,5680,1044911,5970
5510,5700,5420,169801,5620
5480,5720,5470,237103,5610
5320,5590,5320,352904,5530
5600,5600,5320,157064,5410
5140,5480,5140,443531,5380
5280,5280,5100,152263,5110
5140,5290,5080,189354,5240
5120,5150,5020,120572,5140
5050,5200,5040,155076,5080
4945,4985,4885,102355,4980
4830,4955,4780,131601,4885
4785,4830,4750,67532,4800
4890,4910,4770,78626,4785
4985,4985,4850,53334,4910
5000,5040,4920,98187,4940
4900,5090,4900,154195,5020
4870,4895,4835,66266,4895
4890,4910,4860,41454,4875
4870,4950,4850,89644,4910
4915,4915,4815,62795,4840
4830,4890,4800,111353,4875
4820,4845,4790,106041,4790
4810,4830,4740,104626,4740
4805,4815,4760,106899,4780
4840,4840,4770,105881,4815
4770,4815,4750,84570,4800
4785,4815,4725,202201,4765
4900,4945,4775,169997,4775
4870,4995,4700,528833,4900
5050,5050,4785,511263,4810
5420,5630,4960,1919922,5040
5390,5690,5350,692654,5590
5500,5630,5200,857491,5290
5120,5360,5090,507699,5360
4950,5250,4940,432257,5020
4830,4870,4735,91644,4860
4740,4795,4705,52989,4720
4925,4925,4745,100301,4750
4850,5230,4770,487270,4905
4785,4880,4755,26215,4775
4720,4910,4605,467085,4880
4765,5010,4665,285044,4710
4915,4950,4805,80796,4810
4800,5060,4700,262773,4980
4820,4900,4700,71820,4770
4860,4895,4755,53476,4855
4760,4860,4760,27681,4835
5060,5060,4800,86942,4825
5050,5120,5030,70504,5050
5200,5250,5080,67896,5160
5170,5340,5090,101647,5180
5200,5240,5120,103946,5180
4960,5200,4865,148347,5200
4835,4985,4805,104940,4960
4945,4965,4810,66560,4835
4845,4980,4845,33860,4980
4995,4995,4840,63361,4900
4915,4995,4915,63961,4950
5030,5110,4955,72369,5060
5120,5190,5030,99557,5030
5230,5270,5080,107356,5190
5190,5200,5010,154923,5180
4765,5380,4765,679591,5120
4505,4750,4490,183336,4730
4600,4610,4475,42613,4500
4610,4680,4535,41635,4590
4645,4645,4550,29750,4600
4710,4720,4550,61801,4645
4560,4710,4540,108330,4710
4510,4560,4455,37500,4560
4440,4560,4400,64661,4560
4425,4450,4380,23882,4420
4505,4505,4400,61300,4400
4550,4605,4500,53427,4500
4485,4520,4455,21104,4460
4600,4600,4470,27943,4480
4605,4605,4500,31698,4530
4620,4650,4540,41420,4540
4690,4690,4620,28598,4640
4710,4765,4690,33394,4690
4800,4800,4710,18111,4765
4720,4775,4710,25754,4760
4730,4730,4650,27931,4720
4665,4700,4620,26741,4675
4715,4750,4605,17088,4665
4775,4775,4680,25841,4715
4700,4795,4560,287764,4690
4525,4750,4495,167392,4610
4565,4565,4420,12400,4495
4495,4690,4410,133750,4450
4310,4580,4305,58791,4440
4100,4445,4100,111646,4310
4065,4195,4065,19810,4120
4040,4150,4040,34790,4140
4290,4300,4040,83091,4070
4455,4455,4200,49720,4230
4440,4500,4390,32050,4425
4500,4515,4450,73954,4450
4500,4520,4470,35180,4500
4500,4530,4460,27841,4470
4480,4495,4450,8710,4490
4500,4500,4435,22170,4480
4700,4700,3860,45397,4460
4450,4495,4410,28199,4480
4520,4520,4455,11744,4480
4520,4520,4430,32687,4510
4345,4505,4305,115158,4455
4290,4425,4290,15894,4345
4480,4480,4350,50928,4350
4520,4520,4465,27611,4480
4525,4535,4490,35816,4515
4545,4555,4500,27389,4520
4515,4560,4410,35660,4510
4575,4580,4390,133476,4500
4740,4740,4570,90300,4580
4715,4775,4655,86386,4680
4780,4785,4725,30762,4735
4720,4875,4695,153425,4780
4790,4790,4715,50493,4720
4755,4820,4735,69546,4740
4830,4835,4720,65223,4750
4760,4870,4690,92216,4815
4870,4890,4735,98889,4760
4925,4925,4860,38774,4860
4890,4890,4840,30420,4870
4910,4980,4850,65892,4865
4900,4965,4860,21379,4925
5000,5030,4860,51280,4860
5090,5090,4980,81541,5000
5120,5130,5010,55220,5060
5000,5150,4990,196953,5050
5000,5090,4975,53517,5000
5050,5050,4960,90673,4990
5060,5100,5020,57603,5050
5070,5130,5030,48885,5040
5200,5200,5050,42545,5070
5170,5170,5030,78730,5030
5110,5150,5080,36832,5090
5240,5250,5070,174303,5110
5300,5350,5220,78870,5240
5250,5330,5230,58101,5300
5320,5370,5220,78725,5280
5330,5360,5200,127582,5290
5150,5330,5120,179855,5300
5030,5140,5030,80644,5110
5080,5120,5020,49362,5050
5120,5120,4990,87767,5070
5030,5160,5000,77356,5100
5100,5140,4990,48584,4990
5080,5100,5000,53581,5070
5020,5070,4945,61190,4985
5100,5180,5050,48080,5100
5100,5120,5010,46231,5100
5140,5150,5050,16790,5100
5100,5160,5030,66662,5120
5030,5100,5000,36495,5080
5030,5100,4965,63080,5020
4880,5090,4850,129078,5060
4800,4860,4800,37925,4850
4820,4910,4800,66480,4830
4840,4855,4770,35703,4810
4890,4950,4700,77770,4790
4870,4900,4830,26347,4860
4770,4845,4760,21027,4840
4810,4845,4735,55505,4795
4775,4820,4750,57032,4775
4840,4840,4750,39436,4780
4825,4840,4780,42267,4815
4680,4850,4680,96327,4790
4955,4985,4895,43093,4930
4900,4980,4900,34227,4955
4890,4930,4880,33991,4930
4890,4890,4795,41443,4875
4755,4950,4755,37591,4820
5000,5000,4845,104270,4875
4950,5010,4930,42271,4970
5040,5110,4925,122960,4950
5200,5220,4950,97396,4950
5110,5200,5100,61393,5200
5170,5170,5100,36580,5130
5150,5180,5100,71068,5140
5270,5280,5080,100172,5110
5200,5260,5170,42167,5220
5130,5230,5080,54448,5200
5250,5300,5130,91441,5130
5240,5280,5190,44130,5240
5460,5460,5260,63931,5270
5510,5510,5410,59577,5410
5570,5570,5460,56508,5470
5560,5570,5460,52220,5550
5590,5600,5440,92497,5550
5620,5700,5550,43461,5590
5630,5690,5500,116371,5620
5300,5600,5270,155962,5600
5350,5380,5280,72460,5320
5390,5400,5290,60167,5300
5330,5380,5290,72975,5310
5430,5430,5300,41356,5360
5340,5420,5290,61960,5370
5410,5450,5290,67527,5310
5470,5530,5390,72597,5410
5440,5540,5440,98741,5520
5400,5550,5300,243514,5470
5270,5450,5270,154326,5350
5260,5310,5210,43212,5230
5260,5270,5160,55660,5260
5280,5370,5220,73285,5260
5100,5300,5070,179442,5250
4960,5120,4960,78859,5080
4995,5020,4935,75003,4990
5010,5030,4970,50622,4995
4960,5000,4940,36248,4990
4960,4985,4930,36033,4960
5000,5040,4955,51434,4960
5030,5080,4970,60334,5000
5070,5100,5020,41253,5020
5140,5140,5040,28494,5090
5090,5160,5060,38266,5100
5040,5140,5040,35494,5090
5050,5120,5010,59394,5010
5100,5130,5060,18888,5070
5120,5210,5090,83352,5160
5110,5180,5060,53772,5120
5030,5150,5020,64503,5050
5060,5060,4970,32645,5000
4860,5070,4840,119870,5030
4870,4875,4835,29968,4845
4900,4900,4840,20836,4870
4810,4845,4770,48140,4835
4880,4880,4800,58221,4810
4980,4980,4800,134516,4800
4985,5010,4940,29359,4985
5000,5030,4935,94921,4985
5000,5020,4950,112562,4995
5000,5070,5000,70614,5020
5060,5110,5030,42530,5040
5060,5120,4980,144330,5040
5250,5250,4960,198336,5070
5250,5300,5220,54451,5270
5240,5360,5200,83130,5200
5450,5490,5320,70064,5320
5500,5550,5410,150821,5410
5250,5530,5250,231860,5480
5160,5270,5100,54846,5200
5130,5190,5090,56966,5150
5220,5270,5120,83580,5160
5170,5290,5130,62560,5240
5200,5260,5170,35765,5190
5280,5320,5170,64290,5210
5230,5410,5190,133736,5270
5000,5260,4995,132277,5210
5070,5100,5010,52446,5020
5050,5080,4995,68670,5020
5080,5100,5010,84652,5050
5020,5080,4970,59220,5020
5020,5050,4950,81023,4980
5100,5100,4985,60220,5000
5020,5140,5010,54240,5070
5110,5140,5070,46023,5080
5130,5130,5070,49142,5120
5060,5150,5060,60880,5100
5100,5110,5030,29390,5050
5000,5030,4950,43670,5030
4955,4965,4915,41112,4950
4940,4995,4900,115247,4910
5000,5010,4900,119621,4905
5010,5110,4990,46554,5010
5050,5100,4975,44104,5060
5240,5240,4975,211168,4975
5340,5340,5180,64090,5180
5250,5320,5220,33476,5320
5390,5400,5250,87338,5320
5480,5500,5380,57190,5380
5520,5540,5440,29987,5470
5360,5530,5350,56669,5520
5390,5440,5350,37645,5350
5430,5460,5380,44384,5390
5380,5450,5370,70845,5380
5480,5500,5390,80871,5390
5500,5520,5400,20494,5480
5410,5500,5390,65850,5490
5470,5580,5380,84568,5440
5680,5680,5490,92173,5500
5580,5700,5520,64509,5650
5780,5780,5550,84005,5550
5740,5770,5640,40231,5730
5750,5790,5680,41250,5700
5510,5790,5370,255860,5720
5660,5800,5660,89701,5710
5400,5970,5380,307241,5660
5430,5610,5270,131927,5460
4950,5590,4935,268976,5400
4795,5000,4720,137011,4980
4685,4760,4630,86239,4720
4690,4735,4580,122614,4630
4920,4970,4620,450422,4640
5140,5200,5040,214467,5110
5380,5450,5200,70838,5250
5500,5540,5430,52822,5430
5410,5590,5330,118400,5590
5600,5630,5350,197532,5350
5640,5670,5580,97669,5650
5660,5730,5660,63562,5680
5660,5730,5640,53696,5640
5750,5750,5650,77403,5670
5590,5770,5590,90704,5700
5670,5700,5540,141668,5580
5860,5870,5790,72218,5790
5890,6010,5810,125784,5910
5960,5970,5860,94384,5900
6000,6050,5950,75287,5980
6070,6080,5950,78862,5980
6120,6140,6010,145015,6010
6230,6240,6110,120510,6200
6250,6250,6090,106965,6220
6230,6250,6170,70342,6200
6280,6280,6170,76462,6240
6170,6280,6100,222058,6280
6000,6140,5950,163713,6140
6000,6020,5940,61233,5940
6050,6050,5990,48580,6010
6010,6090,6000,60402,6050
6000,6040,5980,53981,5990
6060,6070,5970,68942,5980
5990,6050,5960,60020,6000
6070,6080,5990,73550,5990
6050,6100,6030,78634,6080
5960,6070,5940,90402,6050
5840,6000,5840,83820,5980
6000,6030,5820,173631,5840
6120,6160,5980,153896,5990
6010,6100,6010,68406,6080
6000,6020,5970,34350,6000
6020,6060,5960,90022,6000
5970,6030,5960,127614,5970
6010,6050,5990,117495,6040
6020,6080,6000,118781,6040
6150,6150,5990,167699,6040
6200,6210,6090,140515,6100
6230,6260,6160,74779,6160
6300,6310,6210,103096,6210
6370,6380,6290,93188,6300
6390,6420,6320,102159,6320
6300,6370,6220,109220,6350
6380,6430,6270,95135,6320
6460,6470,6320,127525,6380
6250,6450,6180,314325,6400
6150,6220,6100,164636,6210
6050,6150,6010,200205,6120
6080,6080,6000,139746,6050
6030,6100,6000,101413,6040
6080,6080,5990,78875,6010
6050,6110,6000,58050,6040
5990,6050,5990,56724,6020
5960,6020,5910,52960,5980
6060,6110,5980,103023,6000
6100,6130,6040,72365,6060
6130,6140,6060,63656,6140
6030,6140,6030,48602,6140
6100,6130,6000,80973,6010
6180,6180,6090,87176,6090
6200,6240,6120,127113,6150
6130,6260,6100,72504,6190
6130,6230,6010,200711,6140
6120,6170,6060,91401,6120
5880,6180,5860,246411,6120
5890,5950,5820,116064,5850
5900,6060,5870,198201,5880
5910,5940,5770,135910,5860
5900,6080,5850,191640,6030
5780,5910,5750,141882,5880
5990,6000,5700,454953,5740
5790,6000,5790,133150,5960
6090,6090,5800,316713,5800
6200,6250,6100,190169,6100
6200,6260,6100,245073,6180
6120,6250,6080,170857,6130
6260,6280,6050,413434,6110
6330,6410,6190,271806,6270
6600,6600,6310,335363,6360
6550,6620,6490,254745,6530
6700,6830,6490,433438,6490
6800,6870,6680,137758,6720
6850,6900,6770,132113,6790
6830,6900,6710,126633,6830
7060,7060,6830,129509,6830
7170,7170,7030,74666,7060
7240,7300,7070,122877,7100
7220,7330,7220,61393,7240
7350,7420,7200,106474,7210
7500,7500,7320,81874,7350
7490,7580,7350,214314,7500
7540,7820,7480,177197,7520
7520,7600,7440,120281,7580
7570,7710,7480,82926,7530
7520,7760,7480,230468,7580
7470,7650,7440,151037,7520
7470,7540,7410,83122,7470
7360,7450,7290,110051,7420
7370,7470,7350,96251,7370
7330,7440,7250,74537,7400
7380,7460,7300,42083,7330
7400,7480,7340,59815,7340
7500,7550,7340,89645,7360
7480,7560,7420,71136,7470
7280,7490,7280,145743,7480
7300,7470,7200,308759,7280
7040,7280,7000,149921,7260
6990,7090,6980,55582,7010
6860,7070,6860,107260,7010
6850,6950,6800,62775,6900
6700,6870,6700,41460,6870
6690,6950,6680,90119,6730
6610,6770,6590,36445,6700
6510,6900,6500,75452,6700
6640,6770,6390,127435,6480
6870,6870,6760,94317,6770
6900,6950,6830,45335,6870
6840,6990,6750,171815,6940
6650,6890,6640,80193,6850
6440,6800,6410,115102,6700
6400,6460,6380,62514,6440
6390,6510,6390,77915,6430
6490,6490,6380,81950,6390
6650,6690,6410,184245,6440
6750,6820,6630,127288,6690
6790,6820,6740,58812,6750
6840,6840,6740,60964,6780
6790,6890,6740,77519,6770
6810,6840,6730,39119,6780
6840,6920,6730,84245,6730
7050,7050,6790,87171,6830
6840,7090,6770,220403,7040
7100,7130,6830,218375,6870
7050,7120,6990,50847,7020
7050,7200,7000,122257,7080
7100,7270,6970,189463,7050
7420,7470,7190,115193,7210
7460,7470,7350,86043,7450
7410,7500,7390,114182,7430
7490,7510,7380,62252,7390
7460,7520,7420,62702,7460
7520,7550,7480,79547,7490
7430,7570,7430,107236,7530
7460,7470,7370,52321,7450
7410,7530,7390,123667,7430
7410,7470,7350,91253,7400
7450,7540,7310,231678,7420
7470,7560,7420,151484,7450
7440,7500,7320,89326,7470
7500,7510,7320,164208,7390
7560,7590,7430,129279,7510
7480,7640,7330,270689,7560
7180,7640,7140,572016,7450
7270,7270,7130,156855,7170
7140,7310,7080,246082,7270
7020,7150,7020,113435,7080
7150,7210,6950,446364,7090
7250,7250,7080,208092,7080
7470,7470,7060,479113,7250
7500,7590,7330,222369,7470
7620,7640,7480,126783,7600
7630,7700,7620,136141,7620
7600,7710,7560,244665,7630
7710,7730,7480,470771,7600
7810,7960,7620,454634,7710
7860,8020,7800,114964,7850
8070,8070,7850,108717,7850
7890,8040,7760,109168,8010
7860,8030,7800,134531,7920
7710,7890,7680,242790,7890
8060,8060,7620,536475,7700
8220,8270,8050,242415,8050
8230,8330,8210,112193,8220
8350,8350,8160,204535,8220
8420,8450,8260,166896,8280
8400,8600,8340,305951,8360
8500,8580,8410,230506,8480
8710,8780,8470,284819,8550
8540,9250,8500,1440335,8750
8680,8750,8430,99113,8500
