,open,high,low,close,volume
20181109,15900,16150,15800,15800,891924
20181108,16000,16100,15900,15950,1394020
20181107,15900,16100,15650,15750,1067954
20181106,15750,15950,15650,15850,745565
20181105,15750,15850,15500,15700,1240327
20181102,15750,16000,15650,15900,1269374
20181101,15650,15850,15550,15650,1094757
20181031,15350,15800,15150,15750,2235650
20181030,16100,16100,15400,15400,2462224
20181029,16350,16400,16050,16100,1142868
20181026,16200,16550,16000,16150,1298335
20181025,16250,16300,15900,16150,1730426
20181024,16300,16450,16100,16450,947468
20181023,16450,16500,16050,16150,1095006
20181022,16250,16550,16250,16550,900865
20181019,16250,16450,16150,16350,795911
20181018,16250,16450,16150,16300,818633
20181017,16250,16500,16200,16350,972479
20181016,16300,16350,16050,16100,741589
20181015,16150,16400,16050,16200,719280
20181012,16150,16350,16000,16150,1270465
20181011,16600,16800,16150,16150,3013301
20181010,17100,17100,16700,16950,1230949
20181008,16950,17000,16850,16900,853609
20181005,17100,17200,16800,16800,973128
20181004,16850,17000,16700,17000,1773613
20181002,16800,16950,16550,16700,855384
20181001,16900,17050,16900,16900,1017046
20180928,16750,16900,16650,16900,1669106
20180927,16500,16800,16450,16700,1400704
20180921,16550,16700,16400,16650,2025893
20180920,16100,16400,16100,16400,1361078
20180919,16100,16200,16000,16100,828450
20180918,16250,16300,16000,16100,1689122
20180917,16150,16450,16150,16300,676865
20180914,16450,16500,16200,16300,668998
20180913,16350,16500,16200,16500,1346916
20180912,16250,16350,16150,16300,1056142
20180911,16000,16200,16000,16200,645286
20180910,15850,16100,15850,16100,709975
20180907,15900,16000,15800,16000,806782
20180906,15750,15950,15750,15750,1125829
20180905,16050,16150,15700,15750,1424582
20180904,16050,16200,16050,16100,700806
20180903,16200,16300,16050,16100,885533
20180831,16250,16350,16200,16300,899019
20180830,16600,16600,16250,16250,1185569
20180829,16350,16650,16300,16650,1125916
20180828,16350,16500,16300,16500,900899
20180827,16400,16400,16200,16350,922012
20180824,16200,16350,16200,16350,891123
20180823,16300,16350,16200,16250,744591
20180822,16250,16400,16200,16300,994363
20180821,16300,16450,16150,16350,1089890
20180820,16300,16350,16100,16250,1251060
20180817,16350,16400,16150,16250,735656
20180816,16200,16400,16150,16300,1017333
20180814,16050,16400,16050,16400,1522636
20180813,16150,16250,15850,16100,1830432
20180810,16500,16550,16250,16300,1490283
20180809,16850,16850,16450,16550,1178606
20180808,16650,16850,16500,16800,1881909
20180807,16650,16800,16150,16300,2241052
20180806,16900,16950,16650,16650,1861915
20180803,16800,16950,16500,16900,1237806
20180802,17150,17150,16650,16750,1617674
20180801,16950,17200,16900,17150,1433235
20180731,16850,17000,16650,16900,1297544
20180730,16800,16900,16700,16800,950217
20180727,16800,16850,16650,16850,991197
20180726,16800,17000,16550,16700,1592905
20180725,16650,16800,16550,16750,1999348
20180724,16600,16650,16350,16500,1522529
20180723,16600,16750,16500,16600,1968070
20180720,16500,16650,16300,16500,1686443
20180719,16400,16500,16350,16400,1332101
20180718,16600,16650,16300,16400,1661384
20180717,16650,16750,16500,16500,8960634
20180716,16900,17000,16600,16650,1036566
20180713,16700,17000,16700,16950,1435837
20180712,16800,16800,16500,16500,1683842
20180711,16450,16750,16350,16700,1465002
20180710,17250,17250,16550,16600,2314977
20180709,16750,17250,16700,17000,2624688
20180706,16250,16900,16250,16750,2583779
20180705,16300,16600,16250,16250,1025055
20180704,16250,16600,16200,16400,878523
20180703,16500,16500,16000,16450,1483114
20180702,16350,16900,16300,16350,1667300
20180629,16000,16650,16000,16300,2105607
20180628,15950,16050,15800,15850,1746596
20180627,16350,16450,16050,16100,2017171
20180626,16350,16650,16150,16500,1518845
20180625,16400,16450,16150,16350,1011978
20180622,16150,16650,16100,16350,1655215
20180621,16900,17050,16250,16300,2017007
20180620,16350,17400,16300,17100,5823952
20180619,16250,16450,16100,16150,1868506
20180618,16200,16500,15950,16350,1533477
20180615,16350,16400,15900,16100,2451378
20180614,16850,16850,16400,16500,1712097
20180612,16750,17050,16650,16850,1879360
20180611,16550,16700,16250,16650,1058234
20180608,16550,16800,16350,16600,1105848
20180607,16400,16700,16250,16500,2426074
20180605,16000,16150,15900,16050,1522759
20180604,15600,15950,15550,15950,1313528
20180601,15300,15550,15250,15500,847627
20180531,15350,15450,15250,15300,2602486
20180530,15400,15500,15200,15200,1891617
20180529,15600,15700,15450,15600,903914
20180528,15850,15950,15500,15550,1828433
20180525,15750,15850,15700,15800,1304893
20180524,15800,15900,15700,15850,1364089
20180523,15750,15900,15650,15800,1693145
20180521,15350,15900,15350,15750,1602338
20180518,15400,15500,15100,15200,1169027
20180517,15600,15650,15400,15450,927189
20180516,15400,15700,15250,15650,1009355
20180515,15550,15700,15400,15400,801460
20180514,15650,15700,15550,15650,725984
20180511,15700,15750,15450,15600,1140697
20180510,15550,15900,15500,15700,1562750
20180509,15450,15700,15300,15550,1418531
20180508,15350,15600,15350,15450,1148035
20180504,15300,15700,15100,15400,1873518
20180503,15750,15800,15500,15550,1224541
20180502,16100,16150,15700,15800,1727830
20180430,16100,16300,16050,16050,1242179
20180427,16000,16200,15900,16000,1731329
20180426,16000,16100,15850,15950,1839292
20180425,16000,16200,15850,15950,1800395
20180424,15900,16150,15700,16100,2029763
20180423,15400,15850,15400,15850,2779257
20180420,15350,15600,15100,15300,2302415
20180419,15100,15350,15000,15250,2078585
20180418,15000,15300,14950,15100,1368440
20180417,15200,15350,14850,14950,2052430
20180416,15250,15300,14900,14950,1347495
20180413,14600,15300,14600,15150,3570277
20180412,14400,14800,14400,14500,3560362
20180411,14100,14800,14100,14350,4093280
20180410,13750,14350,13600,14250,2756384
20180409,13700,13850,13600,13800,1352415
20180406,13950,13950,13750,13800,1715681
20180405,13950,14250,13850,13900,1653958
20180404,13900,14000,13650,13700,1574452
20180403,13950,13950,13550,13850,1880966
20180402,14600,14750,13900,14050,3222549
20180330,14600,14850,14500,14650,1399171
20180329,14300,14450,14200,14400,1866232
20180328,14700,14750,14200,14250,2482622
20180327,14950,15100,14850,14900,1246659
20180326,14800,15000,14600,14750,1943241
20180323,15200,15250,14800,14900,3186017
20180322,15650,15850,15500,15550,2335362
20180321,15550,15700,15500,15550,1416491
20180320,15550,15650,15500,15550,967071
20180319,15600,15750,15500,15700,1064434
20180316,15650,15800,15600,15600,1934136
20180315,15500,15750,15350,15650,1652032
20180314,15600,15750,15400,15500,1770775
20180313,16000,16100,15750,15850,1980664
20180312,15700,16250,15600,16200,1564378
20180309,15450,15700,15300,15550,1552946
20180308,15500,15750,15150,15450,2556464
20180307,15650,15750,15450,15450,1884058
20180306,16100,16150,15550,15650,1891354
20180305,16300,16550,15950,16000,1265790
20180302,16400,16500,16050,16400,1871974
20180228,16850,16850,16350,16600,8494057
20180227,16850,17050,16650,16950,1638551
20180226,17100,17100,16850,17050,1570048
20180223,16600,16950,16500,16900,1539428
20180222,16250,16650,16200,16650,1165303
20180221,16500,16500,16250,16400,1661837
20180220,16700,16800,16500,16700,780723
20180219,16600,16850,16500,16850,1234555
20180214,16350,16450,16150,16450,1587882
20180213,15800,16300,15800,16300,2867431
20180212,15300,15650,15200,15550,1330930
20180209,15200,15350,15050,15200,1689317
20180208,15700,15900,15500,15550,1352075
20180207,16300,16350,15600,15600,1720979
20180206,16500,16800,16000,16150,2024474
20180205,16700,17000,16550,16800,1193269
20180202,16700,16900,16600,16800,819706
20180201,16650,16850,16600,16750,835081
20180131,16900,16900,16200,16850,1551995
20180130,17200,17200,16900,16950,1068680
20180129,17100,17200,17000,17050,902555
20180126,16800,17050,16700,17000,707923
20180125,17000,17050,16800,16900,882287
20180124,17200,17200,16900,17000,1085777
20180123,16700,17200,16550,17200,1832801
20180122,16800,16900,16450,16650,1005548
20180119,16450,16750,16450,16750,899960
20180118,16750,16800,16400,16500,993197
20180117,16400,16800,16400,16800,1155567
20180116,16800,16800,16350,16450,1732247
20180115,17150,17200,16700,16850,1026446
20180112,17000,17200,16900,17150,1772998
20180111,16950,17000,16700,16950,1415647
20180110,16750,16950,16700,16800,2010474
20180109,16350,16750,16300,16650,2697968
20180108,15850,16350,15800,16300,2056140
20180105,15750,15850,15650,15750,1125553
20180104,15850,15900,15600,15650,1091512
20180103,15700,16000,15700,15800,1010995
20180102,15900,16000,15750,15900,653628
20171228,15800,15850,15650,15750,949504
20171227,15800,15850,15650,15850,1076900
20171226,16250,16450,16100,16200,1989071
20171222,16350,16350,16200,16200,1313125
20171221,16150,16300,16100,16250,1165692
20171220,16250,16300,16100,16300,788707
20171219,16050,16350,16050,16300,1082319
20171218,16300,16400,16050,16150,998619
20171215,16200,16300,16050,16300,1288855
20171214,15800,16350,15800,16050,3272458
20171213,15500,15850,15400,15850,1152700
20171212,15450,15600,15350,15450,1073392
20171211,15700,15750,15350,15400,1288552
20171208,15800,15850,15600,15700,929289
20171207,15850,16000,15750,15800,1068964
20171206,16000,16000,15850,15900,813147
20171205,15900,16100,15800,15950,1294068
20171204,15950,16000,15800,15950,847909
20171201,16300,16350,15700,15800,1653341
20171130,16350,16450,16050,16200,2243355
20171129,16100,16250,16050,16150,727854
20171128,16100,16450,16050,16100,1653234
20171127,16150,16400,16000,16150,1158765
20171124,16150,16150,15950,16100,856391
20171123,16150,16250,15950,16150,729017
20171122,15750,16100,15750,16050,1091456
20171121,15950,16050,15700,15700,1141132
20171120,15900,16100,15850,15900,1000387
20171117,16300,16350,15850,15850,1845021
20171116,16450,16500,16100,16400,1704588
20171115,15650,16300,15500,16300,2209424
20171114,15450,15800,15450,15650,1333541
20171113,15800,15850,15400,15500,1682808
20171110,15700,15950,15600,15600,1786805
20171109,15550,15900,15550,15900,1947133
20171108,15600,15900,15550,15650,2301909
20171107,15800,15950,15450,15600,2855053
20171106,16450,16500,15850,15900,2276374
20171103,16300,16600,16300,16500,1495504
20171102,16550,16800,16250,16300,2096023
20171101,16000,16750,16000,16700,2050925
20171031,16850,16900,16300,16400,2935518
20171030,17150,17250,16800,16850,1359127
20171027,17400,17500,17100,17100,1261481
20171026,17500,17600,17400,17500,1018426
20171025,17450,17750,17300,17500,1175437
20171024,16900,17500,16700,17450,2168183
20171023,17450,17550,16950,17000,1853916
20171020,17600,17750,17200,17550,966945
20171019,17100,17550,17100,17550,1160113
20171018,17300,17350,16900,17050,1332050
20171017,17950,18050,17400,17400,1241340
20171016,17550,17700,17450,17700,838703
20171013,18000,18000,17350,17500,2255788
20171012,17650,18050,17650,18050,1332210
20171011,18000,18100,17650,17800,2668334
20171010,18050,18100,17900,18100,2029749
20170929,17700,18000,17550,17850,1457051
20170928,17450,17850,17350,17700,1491009
20170927,17350,17700,17200,17700,1462784
20170926,17600,17600,16900,17500,2004370
20170925,18250,18250,17400,17600,1407116
20170922,18000,18350,17950,18200,1585086
20170921,17950,18100,17800,18000,1082534
20170920,18150,18150,17750,18050,1028675
20170919,17850,18100,17650,17900,1263426
20170918,17650,18050,17550,17950,1126370
20170915,17400,17650,17050,17650,1381121
20170914,17250,17450,17100,17450,1518484
20170913,17400,17500,17000,17250,1332869
20170912,17400,17600,17350,17350,977425
20170911,17100,17500,17100,17300,1569719
20170908,17300,17400,16950,17100,1733909
20170907,17200,17500,17150,17400,1600407
20170906,17050,17200,16600,17050,2302119
20170905,18000,18050,16950,17150,2954925
20170904,17950,18350,17900,17900,1406382
20170901,18600,18650,18400,18550,907532
20170831,18900,18900,18500,18600,6655577
20170830,18600,18750,18500,18750,1066716
20170829,18950,18950,18350,18700,1632997
20170828,19000,19250,18900,18950,1016034
20170825,18600,19050,18550,19000,2304250
20170824,18450,18550,18400,18550,1220362
20170823,18600,18600,18350,18450,790904
20170822,18450,18550,18300,18500,1121818
20170821,18400,18450,18250,18400,711589
20170818,18250,18400,18150,18300,637307
20170817,18400,18450,18200,18450,629366
20170816,18500,18650,18300,18350,1090241
20170814,18100,18450,18100,18450,1228643
20170811,18100,18350,17950,18200,2477823
20170810,18500,18500,18050,18400,5910247
20170809,18750,18900,18400,18500,1322639
20170808,19000,19100,18900,18900,942978
20170807,18750,19050,18750,18900,676386
20170804,18800,19100,18800,18900,904989
20170803,19000,19050,18700,18950,1822417
20170802,19350,19450,18950,19000,1386895
20170801,19100,19300,19050,19200,1369280
20170731,19000,19150,18900,19100,1464369
20170728,19000,19350,19000,19100,1702265
20170727,19600,19650,18700,19250,1926614
20170726,19350,19600,19300,19550,1879747
20170725,19100,19300,19050,19250,1842987
20170724,19000,19000,18850,19000,1364409
20170721,18750,19250,18700,18800,3304943
20170720,18650,18950,18550,18600,1932670
20170719,18750,18750,18450,18600,1144053
20170718,18650,18700,18600,18650,1264176
20170717,18600,18700,18500,18600,896910
20170714,18400,18650,18350,18600,1222144
20170713,18200,18650,18000,18400,2913997
20170712,18750,18750,18300,18350,2134169
20170711,19000,19000,18800,18800,1703433
20170710,18550,19000,18500,18900,1646622
20170707,18500,18700,18450,18650,1414284
20170706,18300,18750,18300,18650,1686051
20170705,18600,18750,18500,18500,1443922
20170704,18800,18950,18550,18650,1713825
20170703,18650,18750,18400,18550,1822142
20170630,18650,18900,18350,18450,1912460
20170629,18000,19050,17950,18600,4277054
20170628,17450,18100,17400,18050,3463261
20170627,17450,17600,17400,17500,1272578
20170626,17350,17600,17050,17500,1751614
20170623,17050,17450,17050,17350,2335909
20170622,16650,17050,16650,17000,2294447
20170621,16850,16900,16500,16800,2842349
20170620,16750,17000,16650,16850,13105480
20170619,17150,17400,17050,17250,1587932
20170616,16950,17250,16800,17250,1642976
20170615,17000,17200,16900,16950,1363216
20170614,16950,17150,16900,17150,1496683
20170613,17200,17300,16900,17000,1936947
20170612,16950,17200,16850,17100,3129618
20170609,16300,16950,16250,16750,3359599
20170608,16000,16500,15800,16300,9075968
20170607,15700,16350,15650,16050,2885551
20170605,15800,16050,15600,15900,2019730
20170602,15300,15850,15300,15800,2673622
20170601,15250,15450,15250,15300,1153280
20170531,15500,15500,15300,15300,1659125
20170530,15350,15650,15350,15500,1605617
20170529,15500,15500,15300,15450,732429
20170526,15400,15500,15250,15450,1629450
20170525,15300,15500,15200,15500,1695257
20170524,15650,15650,15200,15350,1278844
20170523,15400,15700,15400,15550,1236058
20170522,15500,15550,15250,15450,1098754
20170519,15500,15600,15300,15350,872484
20170518,15150,15500,15100,15400,1404479
20170517,15600,15650,15300,15500,2019446
20170516,16050,16150,15500,15650,2893401
20170515,16200,16250,16000,16150,1202283
20170512,16200,16400,16050,16050,1890777
20170511,15800,16400,15750,16350,3958143
20170510,15600,16000,15500,15600,2834259
20170508,15150,15500,14850,15500,2268725
20170504,14900,15100,14850,15100,1393178
20170502,14800,15000,14800,14850,1331264
20170428,14700,14950,14700,14950,1658078
20170427,15000,15050,14750,14900,1213489
20170426,14900,15000,14850,15000,1458331
20170425,14850,14950,14600,14900,2244504
20170424,14450,14900,14400,14750,2107410
20170421,14300,14400,14250,14400,1381496
20170420,14050,14250,14050,14200,1481147
20170419,14000,14250,13950,14100,2311571
20170418,14050,14100,13900,14000,1055299
20170417,13950,14050,13900,14000,1069788
20170414,13750,13950,13650,13950,1056703
20170413,13700,13800,13550,13800,1050135
20170412,13650,13800,13550,13750,974506
20170411,13750,13900,13650,13650,1295452
20170410,13800,13950,13650,13650,1347633
20170407,13550,14000,13500,13900,3298803
20170406,13350,13700,13300,13650,1727584
20170405,13150,13600,13100,13450,2337744
20170404,13050,13100,12950,13050,1048165
20170403,13000,13250,12950,13150,1009447
20170331,13150,13150,12950,13000,809492
20170330,13100,13100,13000,13050,651791
20170329,13250,13300,13000,13100,884795
20170328,13150,13200,13000,13200,935621
20170327,13300,13300,12950,13050,1620963
20170324,13400,13500,13250,13300,718699
20170323,13350,13500,13200,13300,1407311
20170322,13500,13500,13200,13300,1861552
20170321,13850,13850,13550,13650,1086562
20170320,13750,13850,13650,13750,702257
20170317,13550,13850,13550,13850,1320759
20170316,13600,13800,13500,13550,1014972
20170315,13800,13850,13600,13650,1615800
20170314,13900,14150,13750,13800,2169077
20170313,13600,13900,13600,13850,2130921
20170310,13400,13700,13350,13600,1282256
20170309,13550,13700,13350,13400,1260569
20170308,13450,13650,13350,13550,1051747
20170307,13100,13600,13100,13550,1237683
20170306,13450,13500,13200,13200,930407
20170303,13600,13650,13350,13400,1056804
20170302,13600,13750,13400,13550,1862947
20170228,13200,13400,13150,13300,1110339
20170227,13550,13600,13100,13150,1467830
20170224,13550,13650,13450,13550,874136
20170223,13550,13600,13400,13500,588168
20170222,13600,13600,13450,13550,989283
20170221,13400,13700,13350,13700,986193
20170220,13500,13550,13350,13400,560219
20170217,13500,13700,13450,13600,758768
20170216,13700,13750,13300,13450,1315693
20170215,13750,13800,13650,13700,747471
20170214,13800,13800,13550,13700,1210255
20170213,13850,13850,13650,13800,579008
20170210,13850,13850,13650,13750,910106
20170209,13500,13800,13500,13800,1719521
20170208,13550,13750,13450,13600,1274997
20170207,13350,13600,13200,13600,1256043
20170206,13400,13850,13250,13250,2312402
20170203,13350,13500,13200,13200,1017429
20170202,13300,13450,13250,13250,1178574
20170201,13150,13400,13100,13400,1580423
20170131,13100,13250,13050,13100,1316669
20170126,12900,13200,12850,13050,1140407
20170125,12750,12950,12700,12900,1169460
20170124,12700,12800,12650,12700,966513
20170123,13050,13100,12750,12850,1092571
20170120,13050,13150,13000,13050,703879
20170119,13000,13150,12900,13000,853837
20170118,13000,13100,12950,13000,917093
20170117,12800,13100,12700,13050,1471452
20170116,12600,12900,12600,12750,1400659
20170113,12750,12800,12500,12600,1195682
20170112,12700,12850,12650,12800,1351175
20170111,12550,12800,12500,12700,1242749
20170110,12400,12650,12350,12600,1536712
20170109,12350,12500,12250,12450,1411935
20170106,12300,12400,12150,12400,1560460
20170105,12650,12650,12250,12300,2752633
20170104,12700,12750,12600,12700,1376564
20170103,12650,12750,12550,12700,1315387
20170102,12650,12750,12550,12600,604408
20161229,12900,12900,12550,12750,1220555
20161228,12750,12950,12700,12850,1350463
20161227,13250,13250,13100,13150,1568791
20161226,13250,13300,13150,13250,1200185
20161223,13350,13400,13150,13250,1597993
20161222,13400,13400,13200,13350,1088559
20161221,13400,13450,13350,13350,925781
20161220,13350,13500,13250,13300,1051785
20161219,13350,13450,13200,13350,1001258
20161216,13200,13350,13150,13350,6633125
20161215,12900,13100,12850,13100,1675892
20161214,13000,13050,12800,13000,1491021
20161213,13300,13300,12850,12950,2805701
20161212,13100,13250,13000,13250,1132992
20161209,13050,13100,12800,13000,1663503
20161208,12700,13000,12600,13000,3057138
20161207,12550,12700,12450,12600,1502947
20161206,12400,12550,12300,12550,1694668
20161205,12400,12450,12200,12300,991894
20161202,12400,12500,12300,12400,1275919
20161201,12050,12500,12050,12450,1823440
20161130,12150,12200,12000,12000,1415372
20161129,12150,12300,12100,12100,1035053
20161128,12250,12300,12100,12200,826387
20161125,12300,12350,12200,12250,616997
20161124,12250,12400,12200,12300,1192126
20161123,12000,12300,12000,12200,1966105
20161122,12050,12200,12050,12050,924491
20161121,12200,12200,12000,12150,925237
20161118,12150,12250,11950,12200,1554990
20161117,12050,12200,11900,12050,1271332
20161116,12150,12150,11950,12050,1741924
20161115,12100,12250,11850,12100,2673006
20161114,12850,12850,12050,12200,4474101
20161111,12650,12900,12550,12750,2851091
20161110,12500,12750,12400,12500,3063030
20161109,12500,12650,12000,12150,3186247
20161108,12550,12600,12400,12450,828334
20161107,12500,12600,12350,12450,911212
20161104,12350,12450,12300,12450,1005021
20161103,12300,12450,12300,12300,976469
20161102,12400,12450,12250,12350,1088448
20161101,12500,12600,12300,12400,1650094
20161031,12450,12700,12400,12500,1869686
20161028,12500,12550,12400,12450,1039872
20161027,12450,12700,12400,12500,1597855
20161026,12750,12800,12350,12400,1949632
20161025,12750,12900,12650,12800,1900438
20161024,12500,12800,12500,12800,1547753
20161021,12450,12700,12350,12550,1456161
20161020,12550,12650,12350,12450,2541943
20161019,12000,12750,11850,12550,6661567
20161018,11650,12000,11550,11950,2797888
20161017,11600,11700,11550,11600,1131932
20161014,11450,11650,11450,11500,1163472
20161013,11550,11600,11350,11450,1456946
20161012,11800,11850,11550,11600,1333263
20161011,11650,11850,11550,11800,1670492
20161010,11400,11600,11350,11550,910500
20161007,11400,11500,11300,11350,708277
20161006,11450,11500,11400,11450,660119
20161005,11550,11550,11450,11450,749576
20161004,11400,11600,11400,11550,1045701
20160930,11600,11750,11400,11400,2301910
20160929,11800,11850,11600,11750,1519851
20160928,11600,11800,11600,11800,1233942
20160927,11400,11800,11300,11750,1676082
20160926,11550,11600,11400,11400,1268017
20160923,11300,11500,11200,11350,1644852
20160922,11600,11650,11150,11200,2337511
20160921,11200,11600,11200,11550,1985651
20160920,11100,11350,11100,11200,1143886
20160919,11100,11200,10900,11200,1660931
20160913,11550,11600,11200,11200,1967254
20160912,11100,11550,11050,11500,2657788
20160909,11250,11400,11200,11200,1904759
20160908,11400,11500,11250,11350,1933746
20160907,11200,11400,11150,11350,1867255
20160906,11100,11250,11050,11250,1415822
20160905,11050,11200,11000,11100,1396514
20160902,10850,11100,10750,11000,2545212
20160901,10600,10850,10550,10850,1568281
20160831,10700,10700,10550,10600,1721306
20160830,10650,10800,10600,10650,2253845
20160829,10400,10700,10350,10600,3235118
20160826,10400,10450,10350,10400,1056456
20160825,10400,10450,10350,10450,1457887
20160824,10400,10450,10350,10450,984307
20160823,10350,10400,10300,10400,1492189
20160822,10350,10350,10200,10250,1139610
20160819,10250,10350,10200,10350,793729
20160818,10350,10400,10250,10300,1071008
20160817,10300,10350,10200,10350,632626
20160816,10450,10450,10250,10300,1623121
20160812,10350,10450,10300,10400,2002505
20160811,10350,10400,10250,10300,795361
20160810,10350,10400,10300,10350,892007
20160809,10350,10450,10200,10400,2171363
20160808,10100,10350,10050,10300,2112558
20160805,9930,10100,9920,10000,1365309
20160804,10000,10050,9890,9920,1353976
20160803,10050,10100,9960,10000,1467303
20160802,10200,10250,10050,10100,991252
20160801,10100,10300,10100,10250,1172320
20160729,10150,10250,10050,10100,1503535
20160728,10350,10400,10100,10150,1734624
20160727,10400,10400,10300,10400,1162966
20160726,10350,10500,10300,10400,3266392
20160725,10150,10400,10100,10300,3787791
20160722,10150,10200,10050,10150,2374838
20160721,10150,10250,10100,10200,2806282
20160720,10150,10250,10050,10150,4452339
20160719,10250,10250,10000,10200,1886236
20160718,10100,10200,10050,10200,1403730
20160715,9980,10100,9970,10100,2515323
20160714,9930,9960,9850,9930,1115990
20160713,9800,9950,9790,9950,1630883
20160712,9630,9780,9590,9780,1450248
20160711,9520,9600,9470,9590,1120653
20160708,9480,9490,9400,9450,918824
20160707,9450,9510,9400,9480,1098936
20160706,9530,9550,9390,9430,1484367
20160705,9610,9620,9560,9620,1424681
20160704,9630,9680,9580,9620,884149
20160701,9530,9610,9510,9610,1019954
20160630,9600,9620,9440,9520,1538002
20160629,9470,9530,9420,9500,1927002
20160628,9420,9490,9360,9400,2291812
20160627,9400,9650,9390,9480,4219917
20160624,10300,10350,9600,9780,4521341
20160623,10150,10250,10150,10250,1052433
20160622,10100,10300,10050,10250,1269587
20160621,10100,10150,10050,10150,841624
20160620,9980,10100,9960,10100,1238167
20160617,10000,10050,9860,9860,1128820
20160616,9990,10050,9920,9970,1048151
20160615,10050,10050,9900,9980,1771188
20160614,10150,10200,10000,10100,1349386
20160613,10150,10200,10050,10150,1411900
20160610,10100,10300,10050,10150,1821229
20160609,10200,10300,10000,10000,2964440
20160608,10100,10200,10050,10200,1521863
20160607,10000,10100,9980,10100,953486
20160603,10050,10100,9960,10000,1308550
20160602,10000,10150,9960,10000,967519
20160601,9970,10150,9920,10000,1339135
20160531,9980,10100,9920,9950,5235837
20160530,10300,10350,9960,10000,2271888
20160527,10050,10350,10000,10350,1836956
20160526,10150,10200,10000,10050,906757
20160525,10100,10200,10000,10100,1443951
20160524,9990,9990,9900,9900,1234988
20160523,10100,10150,9920,10000,888703
20160520,10300,10300,10050,10100,939006
20160519,10250,10300,10150,10300,2030794
20160518,10000,10250,9900,10200,2241632
20160517,10000,10150,9940,10050,1281792
20160516,9910,10050,9790,9930,1395580
20160513,10300,10350,9780,9890,3312696
20160512,10350,10350,10200,10300,1136197
20160511,10350,10400,10250,10350,1157940
20160510,10200,10350,10200,10250,1098458
20160509,10300,10400,10100,10200,2048752
20160504,10300,10400,10100,10350,1743923
20160503,10350,10500,10300,10400,1521194
20160502,10500,10500,10150,10250,2458930
20160429,10450,10600,10350,10500,1877988
20160428,10700,10800,10500,10550,2842835
20160427,10550,10800,10500,10800,2673562
20160426,10550,10650,10450,10650,3441467
20160425,10600,10700,10450,10600,3170855
20160422,10500,10750,10350,10600,4610830
20160421,10200,10450,10150,10400,3061095
20160420,10050,10250,10000,10150,4056781
20160419,9830,10100,9830,10050,3093569
20160418,9700,9860,9660,9830,1439290
20160415,9620,9800,9610,9770,2090921
20160414,9510,9690,9510,9690,3878328
20160412,9270,9340,9210,9340,864403
20160411,9250,9290,9150,9290,869662
20160408,9210,9260,9100,9250,937490
20160407,9270,9330,9230,9310,955039
20160406,9190,9300,9160,9220,683730
20160405,9270,9390,9170,9240,1411204
20160404,9370,9400,9180,9280,1088920
20160401,9490,9500,9340,9420,1388931
20160331,9400,9500,9380,9460,1634823
20160330,9460,9470,9320,9380,1808995
20160329,9210,9510,9200,9510,2372512
20160328,9030,9180,9030,9160,838245
20160325,9260,9270,9070,9100,1638371
20160324,9290,9340,9210,9260,1243264
20160323,9460,9460,9300,9350,1363427
20160322,9430,9460,9300,9440,1643379
20160321,9480,9490,9400,9450,746392
20160318,9500,9500,9370,9450,1361544
20160317,9490,9520,9440,9480,1407246
20160316,9450,9520,9410,9490,1185506
20160315,9470,9500,9390,9440,1372842
20160314,9530,9530,9400,9460,1831392
20160311,9350,9450,9330,9390,1378298
20160310,9320,9390,9260,9360,1416326
20160309,9300,9420,9260,9320,1793710
20160308,9270,9340,9150,9300,1849078
20160307,9200,9370,9190,9270,2335752
20160304,8950,9200,8940,9180,3296895
20160303,8880,8950,8790,8920,1874443
20160302,8800,8840,8770,8830,1162072
20160229,8800,8850,8700,8710,1508961
20160226,8860,8920,8770,8780,1403439
20160225,8930,9000,8720,8900,1862388
20160224,8950,8950,8830,8890,1140068
20160223,8910,8980,8900,8950,1368405
20160222,8860,8950,8790,8850,655844
20160219,8910,8950,8810,8860,886200
20160218,8960,9190,8860,8960,2617743
20160217,8690,8900,8670,8820,1902050
20160216,8800,8850,8560,8690,1839256
20160215,8700,8870,8630,8810,1443467
20160212,8510,8630,8460,8530,1619585
20160211,8730,8770,8560,8590,1507210
20160205,8930,9170,8830,8980,2494259
20160204,8640,8800,8600,8800,1175790
20160203,8740,8740,8560,8580,968285
20160202,8770,8870,8700,8810,1037084
20160201,8850,8930,8740,8840,1183703
20160129,8700,8800,8630,8800,2366906
20160128,8500,8670,8450,8660,1181559
20160127,8420,8540,8370,8520,1470412
20160126,8400,8400,8220,8320,931068
20160125,8450,8510,8440,8450,765637
20160122,8400,8540,8360,8400,1016329
20160121,8230,8390,8200,8340,1878977
20160120,8350,8370,8140,8230,1482815
20160119,8470,8470,8270,8350,1334423
20160118,8240,8470,8170,8470,1548639
20160115,8490,8540,8220,8250,1553929
20160114,8440,8480,8360,8480,1223753
20160113,8470,8590,8440,8540,1016920
20160112,8430,8470,8380,8410,880003
20160111,8450,8490,8390,8400,1205839
20160108,8440,8580,8400,8540,1463264
20160107,8630,8680,8530,8540,1107519
20160106,8680,8710,8620,8680,990437
20160105,8530,8780,8520,8680,1573375
20160104,8820,8820,8580,8600,1714060
20151230,8910,8920,8810,8820,1508934
20151229,9000,9020,8830,8900,2297300
20151228,9190,9260,9150,9160,2415905
20151224,9200,9250,9180,9180,1329259
20151223,9100,9210,9060,9160,1495012
20151222,9040,9120,9010,9070,1625404
20151221,8990,9080,8990,9010,1753369
20151218,9000,9040,8950,8990,2485740
20151217,9230,9240,8960,9050,2977745
20151216,9120,9190,9070,9180,1879642
20151215,9030,9120,8920,9030,2103898
20151214,8960,9120,8930,9120,1112507
20151211,9180,9180,9040,9050,1568863
20151210,9100,9210,9060,9190,1769201
20151209,9130,9190,9060,9090,1107065
20151208,9200,9260,9130,9130,973984
20151207,9310,9320,9190,9190,869574
20151204,9280,9360,9230,9240,1172541
20151203,9340,9380,9260,9320,1016394
20151202,9520,9560,9350,9400,1166235
20151201,9550,9610,9500,9530,1204458
20151130,9900,9940,9490,9490,2702532
20151127,9690,9740,9630,9720,825497
20151126,9680,9750,9640,9660,744433
20151125,9720,9740,9670,9680,880341
20151124,9620,9800,9610,9740,1018607
20151123,9660,9720,9570,9620,941378
20151120,9650,9710,9580,9700,829634
20151119,9460,9670,9460,9650,1124288
20151118,9610,9610,9430,9450,1529804
20151117,9650,9730,9590,9630,1012198
20151116,9510,9590,9420,9490,1395207
20151113,9760,9780,9570,9630,1538246
20151112,9890,9890,9760,9860,797136
20151111,9990,10000,9790,9790,1698748
20151110,9980,10200,9940,10050,2213554
20151109,9960,10100,9870,9990,1472537
20151106,10050,10100,9900,9900,949335
20151105,10100,10150,9960,10050,1442754
20151104,10050,10150,9990,10150,2382306
20151103,9900,10050,9890,10000,1349513
20151102,9900,9970,9750,9870,1164239
20151030,9830,9960,9790,9920,1948844
20151029,9810,9860,9670,9750,1384762
20151028,10000,10050,9750,9810,1496804
20151027,9930,10000,9890,9970,838618
20151026,9970,10100,9870,9890,1539403
20151023,10100,10150,9900,9930,1691163
20151022,10000,10250,9960,9990,2498043
20151021,9910,10000,9900,9960,1633237
20151020,9830,9930,9750,9900,1098710
20151019,9880,9940,9770,9840,1370868
20151016,9950,9990,9860,9950,2160911
20151015,9650,9930,9640,9870,3171122
20151014,9510,9690,9510,9630,1935250
20151013,9640,9680,9520,9580,1638106
20151012,9460,9670,9430,9630,3275214
20151008,9300,9460,9250,9450,2146039
20151007,9320,9370,9260,9300,1260070
20151006,9360,9410,9290,9380,1135907
20151005,9430,9450,9290,9330,1470354
20151002,9530,9530,9380,9430,820000
20151001,9400,9560,9320,9480,1693974
20150930,9200,9390,9140,9390,2281917
20150925,9230,9240,9110,9180,1053530
20150924,9240,9270,9160,9220,955093
20150923,9310,9340,9160,9210,1132165
20150922,9320,9430,9300,9370,714900
20150921,9300,9310,9220,9300,822101
20150918,9420,9420,9240,9330,2202305
20150917,9540,9580,9460,9520,1518503
20150916,9510,9560,9460,9480,1734846
20150915,9410,9520,9360,9470,1005138
20150914,9400,9550,9290,9410,1597306
20150911,9360,9460,9260,9350,1548667
20150910,9060,9430,9040,9410,2775893
20150909,9000,9110,8970,9110,1876394
20150908,8980,8990,8890,8950,837362
20150907,8910,8990,8880,8960,856394
20150904,8920,8960,8870,8920,1126383
20150903,9050,9070,8940,8940,1172834
20150902,8920,9060,8900,9040,1078415
20150901,9100,9130,9000,9000,1095172
20150831,9040,9120,8950,9120,1966643
20150828,9080,9130,8950,9050,2988222
20150827,9070,9150,8860,8890,3248505
20150826,8870,9030,8760,9010,2228478
20150825,8880,8980,8770,8910,2419595
20150824,9010,9010,8720,8840,3161294
20150821,9000,9070,8940,9020,2407970
20150820,9390,9390,9100,9170,1822184
20150819,9490,9510,9390,9450,1351856
20150818,9370,9550,9370,9490,1606859
20150817,9340,9450,9280,9360,1064991
20150813,9390,9430,9250,9260,1483903
20150812,9400,9450,9270,9390,1404785
20150811,9580,9590,9390,9400,1564325
20150810,9500,9620,9480,9580,1606119
20150807,9470,9540,9440,9490,667076
20150806,9470,9640,9450,9490,1863241
20150805,9510,9550,9380,9400,1390716
20150804,9540,9650,9470,9530,1664001
20150803,9550,9590,9440,9500,1164337
20150731,9630,9630,9370,9540,2824382
20150730,9160,9610,9130,9540,4918158
20150729,9160,9160,9080,9090,1394210
20150728,9060,9190,9020,9170,2682198
20150727,8960,9140,8900,9110,2845858
20150724,9080,9080,8910,8960,1564948
20150723,8910,9060,8900,9060,1366497
20150722,9000,9000,8870,8920,1932437
20150721,8950,9190,8950,9040,1974366
20150720,8980,8990,8850,8930,2107698
20150717,9170,9170,8850,8980,4050717
20150716,9040,9150,9010,9140,2608329
20150715,9390,9500,8880,8930,8569393
20150714,9490,9580,9400,9450,2192198
20150713,9330,9430,9280,9410,1818099
20150710,9370,9380,9270,9310,1355961
20150709,9430,9430,9260,9330,2793024
20150708,9550,9610,9410,9460,2120765
20150707,9500,9520,9420,9520,1556612
20150706,9570,9630,9430,9450,2178097
20150703,9680,9740,9600,9730,1605348
20150702,9820,9820,9660,9690,2388915
20150701,9780,9850,9700,9740,2713221
20150630,9690,9860,9680,9800,2273188
20150629,9890,9900,9680,9730,3905237
20150626,10300,10400,10100,10150,2496519
20150625,10200,10400,10100,10250,2581036
20150624,10050,10250,9940,10250,2259251
20150623,9780,10200,9730,10050,3216257
20150622,9540,9740,9540,9670,1366149
20150619,9580,9640,9500,9540,1761973
20150618,9730,9790,9540,9550,2176581
20150617,9660,9770,9630,9710,1237341
20150616,9880,9890,9590,9630,3628534
20150615,10050,10100,9870,9880,2325359
20150612,10200,10300,10000,10050,2685693
20150611,10300,10500,10100,10100,4193940
20150610,10150,10400,10100,10250,3068123
20150609,10100,10150,10000,10100,882351
20150608,9950,10150,9840,10050,1641756
20150605,10100,10150,9900,9970,2099048
20150604,10400,10400,10050,10150,2637586
20150603,10350,10550,10300,10350,1351646
20150602,10350,10450,10300,10300,1683167
20150601,10450,10500,10300,10400,1500851
20150529,10400,10550,10300,10500,2860645
20150528,10500,10550,10350,10400,1540113
20150527,10550,10600,10350,10400,2018244
20150526,10600,10700,10450,10600,1344567
20150522,10300,10650,10300,10650,1846266
20150521,10450,10500,10250,10300,1980441
20150520,10500,10600,10450,10500,1395837
20150519,10350,10550,10300,10450,1421588
20150518,10650,10700,10350,10400,2148671
20150515,10850,10950,10600,10650,1830498
20150514,11000,11050,10750,10750,2569533
20150513,10950,11200,10900,11050,2199137
20150512,10600,11100,10600,10950,2131591
20150511,10800,10850,10650,10700,1208827
20150508,10750,10850,10600,10650,1341516
20150507,11100,11100,10600,10700,3475669
20150506,11150,11200,10900,11050,3055299
20150504,10750,11200,10600,11200,4013501
20150430,10700,10800,10500,10750,3899532
20150429,10750,11050,10650,10800,4290257
20150428,11350,11350,10600,10700,5897105
20150427,11450,11600,11100,11200,3850317
20150424,11150,11850,11100,11200,11981703
20150423,10500,11250,10450,11000,9758137
20150422,10650,10750,10250,10400,4048640
20150421,10900,10950,10650,10700,3197344
20150420,10300,10900,10300,10850,5306906
20150417,10800,10800,10500,10500,4414368
20150416,10300,10800,10200,10700,8941028
20150415,10850,10900,10150,10400,10492935
20150414,9500,10850,9470,10800,18368018
20150413,9420,9470,9350,9470,2471513
20150410,9350,9440,9320,9370,3001736
20150409,9370,9390,9290,9310,1445509
20150408,9230,9380,9200,9330,2713087
20150407,9200,9220,9120,9200,1223505
20150406,9320,9320,9130,9140,1934059
20150403,9250,9330,9220,9300,880361
20150402,9270,9290,9200,9210,1701236
20150401,9380,9390,9230,9270,1639053
20150331,9350,9430,9310,9380,2248349
20150330,9390,9460,9220,9310,2234752
20150327,9360,9410,9290,9390,2394633
20150326,9210,9340,9180,9320,2489511
20150325,9410,9480,9200,9210,4318770
20150324,9620,9670,9330,9440,4071321
20150323,9750,9760,9590,9610,2768987
20150320,9870,9920,9640,9760,3713913
20150319,10200,10250,9860,9940,4112165
20150318,10100,10250,10000,10050,2426394
20150317,9770,10100,9710,10100,4836100
20150316,9500,9750,9420,9700,2668446
20150313,9500,9540,9390,9470,1815882
20150312,9180,9630,9140,9450,5130747
20150311,9120,9200,9120,9140,1434623
20150310,9300,9330,9220,9230,1463281
20150309,9360,9390,9270,9300,1162064
20150306,9440,9460,9280,9310,1845649
20150305,9440,9460,9350,9410,920640
20150304,9490,9530,9420,9440,663250
20150303,9310,9540,9260,9500,1858136
20150302,9450,9470,9290,9300,1831355
20150227,9560,9600,9420,9480,1570805
20150226,9610,9620,9480,9610,1846848
20150225,9560,9650,9530,9610,1378530
20150224,9550,9600,9480,9550,968039
20150223,9580,9640,9510,9550,1402461
20150217,9360,9520,9310,9510,1193000
20150216,9350,9460,9320,9360,1206684
20150213,9150,9380,9140,9350,1940137
20150212,9170,9210,9070,9100,1319227
20150211,9140,9210,9100,9170,1580939
20150210,9240,9240,9060,9160,1473622
20150209,9180,9270,9120,9180,1705990
20150206,9140,9210,9050,9140,1715100
20150205,9430,9440,9080,9120,3017892
20150204,9440,9680,9400,9500,4502889
20150203,8920,9390,8900,9300,4898231
20150202,8790,8890,8750,8880,1313059
20150130,8860,8870,8760,8800,1750085
20150129,8770,8870,8720,8830,1919552
20150128,8840,8920,8710,8780,3044373
20150127,9140,9160,8860,8910,2565615
20150126,9110,9230,9050,9140,1135707
20150123,9140,9240,9040,9110,1646183
20150122,9100,9150,9020,9020,1378832
20150121,9130,9210,8950,9100,1854493
20150120,8950,9170,8910,9100,1970443
20150119,8930,9100,8910,8950,1507477
20150116,8960,9020,8760,8860,3201718
20150115,9190,9200,9000,9050,2884385
20150114,9390,9420,9190,9220,2399519
20150113,9400,9490,9320,9390,1380551
20150112,9500,9540,9360,9380,1449448
20150109,9630,9660,9510,9560,1737936
20150108,9420,9620,9410,9530,2166767
20150107,9380,9510,9370,9400,1679442
20150106,9520,9580,9410,9440,2619991
20150105,9750,9760,9530,9630,3563551
20150102,10000,10000,9760,9790,2918197
20141230,10300,10350,9970,10000,4287706
20141229,10650,10700,10200,10250,3560765
20141226,10900,11150,10800,11000,3755465
20141224,10800,10900,10700,10850,1544248
20141223,10750,10950,10650,10750,2650353
20141222,10600,10750,10450,10650,2125297
20141219,10350,10550,10250,10450,2023814
20141218,10350,10400,10100,10200,2141838
20141217,10350,10400,10200,10200,1501746
20141216,10250,10350,10150,10350,1814483
20141215,10150,10400,10100,10350,1241367
20141212,10450,10500,10150,10250,3781038
20141211,10350,10550,10300,10400,2359755
20141210,10700,10750,10450,10450,1901601
20141209,10750,10800,10650,10700,1492712
20141208,10900,10950,10700,10750,1382719
20141205,10950,11050,10750,10850,2291141
20141204,11150,11250,10850,11000,3264656
20141203,10750,11150,10650,11150,2704522
20141202,10550,10800,10500,10700,2339578
20141201,10800,10950,10550,10550,2410647
20141128,10700,10900,10600,10700,2457719
20141127,11100,11100,10650,10750,4913051
20141126,11150,11250,11050,11150,2235325
20141125,11400,11450,11150,11150,3625556
20141124,11450,11550,11250,11350,3889517
20141121,11350,11700,11250,11300,6326615
20141120,11900,11950,11150,11400,15286812
20141119,15400,15400,13100,13100,372064
